"","BLM_Name","Address_1","Address_2","City","State","Zip_Code","Latitude","Longitude","Phone_Number","Description","Directions","Activities","address","ContactRegion","CAMPING","WATER SPORTS","ENVIRONMENTAL EDUCATION","NON-MOTORIZED BOATING","DAY USE AREA","PADDLE BOATING","WATER ACCESS","RAFTING","WHITEWATER RAFTING","BIRDING","BACKPACKING","INTERPRETIVE PROGRAMS","WILDLIFE VIEWING","FISHING","BOATING","HORSEBACK RIDING","HIKING","OFF HIGHWAY VEHICLE","RECREATIONAL VEHICLES","SENIC DRIVE","PHOTOGRAPHY","CLIMBING","HUNTING","WILDERNESS","INFORMATION SITE","PICNICKING","attraction","contactRegion","Description_Length","Description_Length_Words","Direction_Length","Direction_Length_Words"
"1","18 Road - North Fruita Desert ","North Fruita Desert","18 Road Trailhead","Loma","Colorado","81524",39.334,-108.704,"970-244-3000","Enjoy a system of world class single-track mountain biking trails accessible directly from the adjoining campsites. The trail system and associated camping provide great opportunities to experience the diverse terrain of the desert environment along the base of the Bookcliffs. Food, lodging and other amenities are available nearby in the City of Fruita. For more information related to camping at the North Fruita Desert Campground, visit https://www.blm.gov/visit/nfd-campground Access a map of the mountain bike trail system here: https://copmoba.org/wp-content/uploads/2019/04/north-fruita-desert-trail-map.pdf","Take Interstate 70 west to Fruita (exit 19). Turn north onto Cherry Street and take the first right onto Aspen Avenue. Go through the roundabout and continue on Aspen to Maple Street. Take a left on Maple Street and then travel north. The street will turn into 17.5 Road. Take a right on N.3 Road and then a left on 18 Road. Travel approximately 7 miles on 18 Road to the trailhead, event area and lower campground. Continue 1.5 miles north to reach the upper campground loops. For more information related to camping at the North Fruita Desert Campground, visit https://www.blm.gov/visit/nfd-campground","BIKING CAMPING",NA,17,1,0,0,0,0,0,0,0,0,0,0,0,0,0,0,0,0,0,0,0,0,0,0,0,0,0,"Road",17,615,94,603,106
"2","Alpine Loop ","Gunnison Field Office ","2500 E. New York Ave. ","Gunnison","Colorado","81230",38.0319,-107.3119,"970-642-4940","The Alpine Loop is truly a backcountry experience. Make sure someone knows your travel plans and do your homework before you start your trip. Make sure you have plenty of water, food and fuel to make it to your destination. Electronics and wireless devises DO NOT work in most places on the Alpine Loop. It is recommended that you download or print hard copy maps prior to your trip. The Alpine Loop Backcountry Byway is a rugged 4x4 road that winds through the spectacular scenery of the San Juan Mountains, connecting Lake City, Silverton, and Ouray. The Alpine Loop byway traverses passes up to 12,800 feet while showcasing old mines, ghost towns, natural wonders, beautiful wildflowers, and abundant wildlife. Alpine Loop is an avenue for exploring nature and history amidst thrilling views and stunning geography. Tackling the loop in its entirety is easily an all-day experience event. However, the main loop is only part of the experience; miles of designated side routes allow visitors to either take a short tour or extend their trip to multiple days. For more information, please contact the Gunnison Field Office or see the Alpine Loop brochure.
","From Lake City enter the Alpine Loop on either County Road 30 or County Road 20. From Silverton enter the Alpine Loop on County Road 2. From Ouray enter the Alpine Loop on County Road 18.","OFF HIGHWAY VEHICLE SCENIC DRIVE","Gunnison Field Office  2500 E. New York Ave. ",18,0,0,0,0,0,0,0,0,0,0,0,0,0,0,0,0,0,1,0,0,0,0,0,0,0,0,"Normal",18,1157,193,187,36
"3","Animas Forks  ","Gunnison Field Office","210 West Spencer Street","Gunnison","Colorado","81230",37.93123,-107.57068,"(970) 642-4940","Animas Forks is located on a system of roads known as the Alpine Loop. The loop is a 65-mile (105 km) system of unpaved roads which connects the small mountain towns of Lake City, Ouray, and Silverton. Most of the land in the area is managed by either the U.S. Forest Service or the Bureau of Land Management. The Alpine Loop is visited by over 100,000 people each year. Animas .Forks, at an elevation of 11,200 feet (3,400 m), is more than two miles (3 km) above sea level.

The unimproved road from Silverton to Animas Forks is passable in summer by two-wheel drive vehicles. The road beyond Animas Forks over Engineer Pass to Lake City may require four-wheel drive. The town's first log cabin was built in 1873 and by 1876 the community had become a bustling mining community. At that time the town contained 30 cabins, a hotel, a general store, a saloon, and a post office. By 1883 450 people lived in Animas Forks and in 1882 a newspaper, the Animas Forks Pioneer, began publication and lasted until October 1886. Every fall the residents of Animas Forks migrated en masse to the warmer town of Silverton. In 1884 a 23-day blizzard inundated the town with 25 feet (7.6 m) of snow, the residents had to dig tunnels to get from building to building. Mining, speculation and processing mills helped Animas Forks grow.When mining profits began to decline investment in Animas Forks was no longer justified. Although mining made a brief 1904 rebound with the construction of the Gold Prince Mill the town's mining days were nearing an end. A rail line ran through the area and stimulated interest in mining in the community again but the railroad never reached its expectations. The Gold Prince Mill closed in 1910 and in 1917 most of the mill's major parts were removed for a new facility in Eureka. The mill's dismantling signaled the beginning of the end for Animas Forks. The town was a ghost town by the 1920s.When mining profits began to decline investment in Animas Forks was no longer justified. Although mining made a brief 1904 rebound with the construction of the Gold Prince Mill the town's mining days were nearing an end. A rail line ran through the area and stimulated interest in mining in the community again but the railroad never reached its expectations. The Gold Prince Mill closed in 1910 and in 1917 most of the mill's major parts were removed for a new facility in Eureka. The mill's dismantling signaled the beginning of the end for Animas Forks. The town was a ghost town by the 1920s. 
","Silverton to Animas Forks Ghost Town is a 12.3 mile lightly trafficked point-to-point trail located near Silverton, Colorado and is rated as moderate. The trail is primarily used for off road driving and is best used from May until October.","HISTORIC & CULTURAL SITE OFF HIGHWAY VEHICLE","Gunnison Field Office 210 West Spencer Street",8,0,0,0,0,0,0,0,0,0,0,0,0,0,0,0,0,0,1,0,0,0,0,0,0,0,0,"Normal",8,2513,447,240,42
"4","Animas/Grandview/Skyline RMZ ","Tres Rios Field Office ","29211 Highway 184","Dolores","Colorado","80323",37.22384,-107.85631,"970-882-7296","Within this Recreation Management Zone are three isolated parcels of BLM managed lands which are popular for non-motorized trail activities. The Grandview and Skyline parcels are connected to each other via the Horse Gulch trail system (managed by the city of Durango). The trail system spans a large spectrum of difficulty levels and are heavily used by bikers and hikers/walkers/runners alike. The Animas City Mountain unit contains about 5 miles of trail beginning at 6700' and climbing up to 8,200 ', presenting stunning views of the Durango area and Animas River Valley. This trail system is primarily used by hikers and trail runners, but receives mountain bike use as well. The lower portion of the trail system, in and adjacent to Dalla Mountain Park (managed by the city of Durango), is popular for bouldering. For more information, please contact the Tres Rios Field Office.","The Grandview Ridge and the Skyline area are located on the eastern edge of Durango. The trailheads are all located on city or private property. The Skyline trail is accessed off of the north end of Jenkins Ranch Road, and the Grandview Ridge trails are accessed at three trailheads (Carbon Junction, Big Canyon, and Sale Barn) off of Highway 160, south of Durango. Carbon Junction is technically accessed off of old Highway 3. Animas City Mountain is located at the northern end of Durango. From Main Street, turn west on 32nd street and right on West 3rd Ave. Or, from Main Street, turn west on 25th Street (Junction Creek Road) and access the trails via Dalla Mountain Park.
","BIKING","Tres Rios Field Office  29211 Highway 184",26,0,0,0,0,0,0,0,0,0,0,0,0,0,0,0,0,0,0,0,0,0,0,0,0,0,0,"RMZ",26,884,146,678,118
"5","Ant Hills WSA ","455 Emerson Street",NA,"Craig","Colorado","81625",0,0,"(970) 826-5000","The remote Ant Hills WSA consists of hills and valleys on the southern slopes of Douglas Mountain, which trend southward into Dinosaur National Monument and the Yampa River. The Ant Hills consist of several hills rising 400 to 500 feet above the draws in the southeastern part of the WSA. The area is an extension of the landforms and upper end of drainages found in Dinosaur National Monument. 
There are no developed recreation sites in the Douglas Mountain area, but the area offers opportunities for visitors to enjoy deer and elk hunting, camping, sightseeing, hiking, backpacking and horseback riding.  Motorized and mechanized vehicle travel is limited to existing roads and trails within these WSAs.  Vegetation consists mainly of ponderosa pine, pinyon-juniper woodlands, sagebrush, and native grass communities. Fauna includes mule deer, elk, raptors and other birds, and various small mammals and reptiles.","The Ant Hills WSA is located in Moffat County, approximately 50 miles west of Maybell; 80 miles west of Craig. The area is bordered on the south by Dinosaur National Monument. The Chew Winter Camp, Cross Mountain, Peterson Draw, and Vale of Tears WSAs are also nearby.","CAMPING HIKING HORSEBACK RIDING HUNTING",NA,10,1,0,0,0,0,0,0,0,0,0,0,0,0,0,0,1,1,0,0,0,0,0,1,0,0,0,"WSA",10,917,143,268,47
"6","Bangs Backcountry  ","Bangs Canyon Trailhead (Mica Mine)","Little Park Ct","Grand Junction ","Colorado","81507",38.91,-108.566,"970-244-3000","Opportunities for backcountry hiking, horseback riding, hunting and wildlife viewing in a largely undeveloped natural setting.  Easy access from Grand Junction .","From Grand Junction travel west on Hwy 340 and take a left onto Monument Road. Take another left onto D road, which will turn into Rosevale Road. Take a right onto Little Park Road and travel 5 miles - Bangs Canon Trailhead will be on your left.","HIKING HORSEBACK RIDING HUNTING WILDLIFE VIEWING",NA,17,0,0,0,0,0,0,0,0,0,0,0,0,1,0,0,1,1,0,0,0,0,0,1,0,0,0,"Wilderness",17,161,21,245,46
"7","Bangs Canyon OHV Trails ","Grand Junction Field Office","2815 H road","Grand Junction ","Colorado","81506",38.99124,-108.61956,"970-244-3000","Opportunities for motorized trail riding from single track motorcycle trails, ATV width trails, rock crawling on the Billings Canyon jeep trail, and 4-wheel drive roads. This area is close to Grand Junction and offers excellent views and scenery.","From Grand Junction take Hwy 340 west and take a left on Monument Road. Take another left onto D Road, which will change to Rosevale Road, and take a right onto Little Park Road. Travel four miles to Third Flats Trailhead or five miles to Bangs Canyon Trailhead.","OFF HIGHWAY VEHICLE RECREATIONAL VEHICLES","Grand Junction Field Office 2815 H road",17,0,0,0,0,0,0,0,0,0,0,0,0,0,0,0,0,0,1,1,0,0,0,0,0,0,0,"OHV",17,246,39,262,48
"8","Barger Gulch Fishing Access ","Kremmling Field Office ","2103 East Park Avenue ","Kremmling ","Colorado","80459",40.04262,-106.32254,"970-724-3000","The segment of the river from Granby to Kremmling is very popular for fishing and a portion has been designated as Gold Medal Water by the Colorado Division of Wildlife (CDOW). Barger Gulch River Access is one of the fishing accesses that is located along the river.  Barger Gulch is located 3 miles east on County Road 33 Facilities include a parking area.  River access is about 1/8 mile long.","From HWY 40 turn left onto CO.RD. 39 and in 1 mile turn right onto CO. RD. 33 and continue 1.7 miles to parking area on right.","FISHING","Kremmling Field Office  2103 East Park Avenue ",20,0,0,0,0,0,0,0,0,0,0,0,0,0,1,0,0,0,0,0,0,0,0,0,0,0,0,"Fishing Access",20,395,71,126,27
"9","Bedrock Recreation Site ","Unconmpahgre Field Office","2465 South Townsend Avenue","Montrose","Colorado","81401",38.30409,-108.89525,"(970) 240-5300","The Bedrock site is adjacent to the Dolores River. There is a boat ramp and 4 cabanas with tables, grills, and a large flat area to accommodate additional tents and RVs. There are opportunities for rafting, fishing, hiking and scenic viewing. For more information, please contact the Uncompahgre Field Office.","At Bedrock, at the junction of CO 90 & CR Y9 (just west of the Dolores River bridge at the eastern edge of Bedrock), turn south on CR Y9. Go 1 mile on the dirt road to the site. Bedrock is about 21 mi west of Naturita via CO 141/ CO 90, and about 40 mi west of Norwood via CO 145/ CO 141/ CO 90.","CAMPING","Unconmpahgre Field Office 2465 South Townsend Avenue",5,1,0,0,0,0,0,0,0,0,0,0,0,0,0,0,0,0,0,0,0,0,0,0,0,0,0,"Recreation Site",5,309,50,295,65
"10","Black Canyon WSA ","Black Canyon of the Gunnison Wilderness",NA,"Crawford","Colorado","81415",0,0,"(719) 655-2547","he Black Canyon WSA consists of the western sideslopes and lower mountains of the Sangre de Cristo Range - an uplifted block that began to form by faulting along the Rio Grande rift about 25-30 million years ago.

Intermittent streams have created a maze of valleys, which provide excellent opportunities for recreation, especially hiking. The valleys created by streams provide a stair-step approach to the upper reaches of the mountain slopes. Spotted throughout the area are vistas, which overlook both the peaks of the mountain range and the vastness of the San Luis Valley. Activities include hiking, backpacking, camping, and photography.","The Black Canyon WSA is located in Saguache County on the northeastern edge of the San Luis Valley, approximately 10 miles southeast of Villa Grove; 50 miles north-northeast of Alamosa. The Sangre de Cristo Wilderness (USFS) is also nearby. It is adjacent to the Black Canyon of the Gunnison National Park (NPS). The unusual shape and size of this WSA is due to congressional consideration of adjacent lands as proposed wilderness at the time of the original BLM wilderness inventory. 
","CAMPING HIKING PHOTOGRAPHY",NA,4,1,0,0,0,0,0,0,0,0,0,0,0,0,0,0,0,1,0,0,0,1,0,0,0,0,0,"WSA",4,644,102,486,81
"11","Black Ridge Canyons Wilderness "," Grand Junction Field Office","2815 H Road"," Grand Junction","Colorado","81506",39.105328,-108.930221,"970-244-3000","The Black Ridge Canyons Wilderness now contains a total of 75,439 acres and is managed by the Bureau of Land Management. The Wilderness Area consists of 75,439 acres, of which 5,120 are in Utah. Vegetation is relatively sparse with scattered pinyon-juniper woodland. The area's east-west Black Ridge is dissected by seven red rock canyons varying in length. These canyons feature geological characteristics such as spires, windows, giant alcoves and desert patina. Waterfalls can be found here during spring runoff and after summer thunderstorms. Deer, mountain lion, desert bighorn sheep, as well as golden and bald eagles make the area home. Recreational use of the area focuses upon visiting the canyons in conjunction with calm water float trips through Ruby Canyon and hiking the canyons to view the arches in Rattlesnake and Mee canyons. Visitors can enjoy hiking, horseback riding, hunting, backpacking, and primitive camping, as well as rafting, canoeing and kayaking on the Colorado River.  In 2000 the Black Ridge Canyons Wilderness became part of the now over 109 million acre National Wilderness Preservation System. In wilderness, you can enjoy challenging recreational activities and extraordinary opportunities for solitude. In an age of ""...increasing population, accompanied by expanding settlement and growing mechanization,..."" you play an important role in helping to ""...secure for the American people of present and future generations the benefits of an enduring resource of wilderness"" as called for by Congress in the Wilderness Act of 1964. Please follow the regulations in place for this area, and use Leave No Trace techniques when visiting to ensure protection of its unique natural and experiential qualities.How to follow the seven standard Leave No Trace principles differs in different parts of the country (desert vs. Rocky Mountains). Click on any of the principles listed below to learn more about how they apply.Leave No Trace principles:Plan Ahead and PrepareTravel and Camp on Durable SurfacesDispose of Waste ProperlyLeave What You FindMinimize Campfire ImpactsRespect WildlifeBe Considerate of Other Visitors","Black Ridge Canyons Wilderness is located approximately 15 miles west of Grand Junction, Colorado.  It is bordered by the Colorado National Monument to the east and the Colorado/Utah boundary to the west, with a small portion actually spilling into Utah.  The Wilderness is included within the McInnis Canyons National Conservation Area (MCNCA), which was legislatively designated in October of 2000.DirectionsDIRECTIONS TO DEVILS, POLLOCK BENCH,  AND FRUITA PALEO AREA:   From Grand Junction, take I-70 west to the Fruita exit (#19), turn left and cross back over I-70 and go 1.5 miles to the Kings View Estates subdivision.  Turn right, in to the subdivision and stay on the main road.  It's approximately .5 miles to the Devils Canyon trail turnoff, on your left . Approximately 1.5 miles further is Pollock Bench Trailhead.   DIRECTIONS TO KNOWLES AND JONES CANYON TRAILS:    From Grand Junction, travel west on Grand Avenue, cross over two bridges, at the next stop light turn left on to Monument Road, turn left at ""D"" Road. Follow D road until you come to a fork in the road, go left on to Little Park Road.  Follow Little Park Road until it meets up with DS Road, take a left on to DS Road to the Glade Park Store.  At the Glade Park Store take a right on to 16.5 Road go .5 miles to BS Road, turn left, it's another 12 miles to the Knowles Canyon trailhead.   Continuing on BS Road another 2.5 miles you will come to a locked gate at the end of the public road, this is the trailhead into Jones Canyon.   DIRECTIONS TO RATTLESNAKE ARCHES AND MEE CANYON TRAILS:  There are two roads that parallel the southern boundary that are seasonally opened to motorized travel.  These roads provide access to Rattlesnake Canyon/Arches and Mee Canyon trailheads.  The Upper Road is open from April 15 - August 15, with the Lower Road being open from August 15 - February 15.  Both roads are closed to motorized travel from February 15 - April 15.  Biking, hiking and horseback are allowed on both access roads throughout the year.  CAUTION:  A high clearance 4X4 vehicle is required for the last 1.5 miles.  Do not drive on either road when wet.  From Grand Junction, take I-70 west to the Fruita Exit (#19) turn left at off ramp and cross back over I-70, follow signs to Colorado National Monument (CNM).  Enter the CNM.  Travel 11 miles from CNM entrance station, turn right at sign for ""Glade Park Store"".  Travel .2 miles to Black Ridge Access Roads (Upper and Lower).  At this point you are adjacent to the Black Ridge Canyons Wilderness.  The Rattlesnake Arches trailhead is approximately 13 miles ahead.  NOTE:  There is no charge for traveling through the Colorado National Monument to access the Black Ridge Canyons Wilderness.  Inform the attendant at the entrance gate that your destination is the Black Ridge Canyons Wilderness and you will be permitted to pass through the monument at no cost.","WILDERNESS"," Grand Junction Field Office 2815 H Road",17,0,0,0,0,0,0,0,0,0,0,0,0,0,0,0,0,0,0,0,0,0,0,0,1,0,0,"Wilderness",17,2148,327,2902,498
"12","Blanca Wetlands  ","San Luis Valley Field Office","1313 East Highway 160","Monte Vista","Colorado","81144",37.54707,-105.72988,"719-852-7074","The Blanca Wetlands Area of Critical Environmental Concern, or Blanca Wildlife Habitat Area, is an area of the San Luis Valley in Colorado, United States, which serves as a refuge for birds, fish and other wildlife. The wetlands had been completely destroyed by pumping and diversion of water for irrigation. Starting in 1965 the Bureau of Land Management began to restore them, and they have become an increasingly important ecological habitat for shorebirds, water birds and other wildlife and native plants.. The region has a cool, dry climate, with about 107 frost-free days each year. Temperatures range from 30 °F to 85 °F (29 °C). Annual rainfall is about 7 inches (180 mm). The landscape is flat. Sand dunes carry sparse vegetation such as greasewood, rubber rabbit, salt grass, Sandhill muhly and sand drop seed. The areas of dunes are intermingled with depressions and basins of historical playas. As late as the 1800s the area was wet, and the bones of fish show that some of the water was at least 12 feet (3.7 m) deep. Loss of water and destruction of wetlands occurred in the twentieth century due to pumping and redirecting surface water for irrigation. By the mid-1900s the basins had completely dried up, and the area became known as ""Dry Lakes"". 

In 1965 the San Luis Resource Area of the Bureau of Land Management began a project to restore some of the dry playas in the San Luis Valley to their former condition as wetlands. The Blanca Wildlife Habitat Area covers almost 10,000 acres (4,000 ha) south of San Luis Lakes and near to the Great Sand Dunes National Park and Preserve. In contains about two hundred shallow basins floored by layers of sand and clay, holding wet meadows, salt flats, marshes and fresh water ponds. As of 1989 the Habitat Area contained 1,400 acres (570 ha) of pond and wetlands, with another 475 acres (192 ha) of historical wetlands to be developed. Wetland vegetation in the playas includes soft stem bulrush, cattail, alkaline bulrush, spike rush, sago pondweed, longleaf pondweed and watermilfoil. About 1,200 acres (490 ha) are watered each year, while other parts are deliberately allowed to dry up. 

Wildlife: The wetlands is one of the most important areas for birds in Colorado since it provides habitat for migrating water birds or shorebirds. It hosts thirteen threatened, endangered and sensitive species. The bald eagle and the peregrine falcon use the wetlands. The snowy plover and the white-faced ibis have been documented as nesting. Other Species of Management Priority that have been documented are American bittern, avocet, common yellowthroat, eared grebe, Forster's tern, greater Sandhill crane, hen harrier, Savannah sparrow, snowy egret, sora rail, western grebe and yellow-headed blackbird. Shorebirds such as gulls, sandpipers and pelicans are at home in the salty environment, as well as 158 other species. There is a breeding population of snowy plover. The wetlands is a duck breeding concentration area, with mallards by far the most common, but good numbers of pintail and green-winged teal also visiting. 

The wetlands could become critical for conserving amphibians in the valley. There is a healthy population of Great Plains toads. Other documented amphibians include the plains spadefoot toad, western chorus frog, leopard frog and tiger salamander. There are several species of bat in the wetlands. The least chipmunk is common in the greasewood parks that adjoin the wetlands and the Ord's kangaroo rat lives in the sand dunes. Muskrats and coyotes are present, and mule deer and elk are often seen in the wetland area. For more information , please contact the San Luis Valley Field Office. 

","From Alamosa, travel east on US-160, then turn left onto Road S116, which becomes Tyler Avenue. Turn right onto Twomile Road/Road 2S/9th Street and follow the signs for Blanca Wetlands.","FISHING HIKING WILDLIFE VIEWING","San Luis Valley Field Office 1313 East Highway 160",15,0,0,0,0,0,0,0,0,0,0,0,0,1,1,0,0,1,0,0,0,0,0,0,0,0,0,"Normal",15,3683,607,185,33
"13","Bocco Mountain ","Colorado River Valley Field Office","2300 River Frontage Road","Silt","Colorado","81652",39.71183,-106.69583,"(970) 876-9000","Bocco Mountain Recreation Area is a small upland riding area with fantastic scenery.There are 18 miles of single-track trails open to non-motorized uses and motorcycles only. Roads are two-track and open to all vehicles. Bocco Mountain is closed from December 1 through April 30. Some trails have been identified as one-way routes, at the request of riders. please ride these routes in the suggested directions to increase safety. For further information, please contact the Colorado River valley Field Office.","From Wolcott, travel north on Highway 131 for about 2.5 miles. Turn left onto Milk Creek Road. Then turn right onto Horse Mountain Road and continue for about one mile. The riding area will be on the left.","BIKING CAMPING HIKING OFF HIGHWAY VEHICLE WILDLIFE VIEWING","Colorado River Valley Field Office 2300 River Frontage Road",11,1,0,0,0,0,0,0,0,0,0,0,0,1,0,0,0,1,1,0,0,0,0,0,0,0,0,"Normal",11,510,83,205,38
"14","Bocco Mountain Trailhead ",NA,NA,"Eagle","Colorado","81631",39.74303,-106.70488,"(970) 876-9000","Trailhead for Bocco Mountain Recreation Area. Bocco Mountain Recreation Area is a small motorcycle riding area north of I-70 at Wolcott. This riding area offers 20 miles of difficult motorcycle trails through rugged terrain and scattered piсon-juniper woodlands. It
is popular with experienced riders in the spring before the snow melts in the high country. The staging area is small but easily accessible.","The Trail head is located exiting Highway 70 at the Wolcott exit.  AT the ""T"" intersection, take a left urn and drive along the river and then turn right and drive across the river bridge. Follow this road north up a canyon to a road intersection which goes west. It is signed. Take this road to the trailhead, which is on the left side of the road.  It is located right before crossing under the large power lines. there are no facilities. There is additional parking at the Castle Creek Parking lot a slight distance further down the road.","HIKING OFF HIGHWAY VEHICLE",NA,11,0,0,0,0,0,0,0,0,0,0,0,0,0,0,0,0,1,1,0,0,0,0,0,0,0,0,"Trail",11,406,65,541,99
"15","Box Elder ","Tres Rios Field Office ","29211 Highway 184","Dolores","Colorado","81323",37.801257,-108.824402,"970-882-7296","BLM's Box Elder Campground is located within the Dolores River Canyon 6 miles NE of Dove Creek. The campground has 11 campsites with fire rings and picnic tables along with two vault toilets. Towering canyon walls cut by the Dolores River dominate this site, and when combined with the shade of the box elder grove and the proximity of the river, provide an element of relief from the summer heat. 

There is no fee at this site, and camping is on a first come, first served basis. The busiest time of year is when there is a 'boatable release' on the lower Dolores from McPhee Reservoir, generally mid-April to mid-June. Holiday weekends during the summer can also fill up this small campground. For more information, please contact the Tres Rios Field Office. 
","When traveling US Highway 491, turn east on CR J, just south of Dove Creek. Then turn north on CR 9, east on H, then north again on CR 10. Veer left at the 'Y' and follow the county road down into the canyon. After passing the Mt. Sheep Point (the Pumps) boat access, you'll arrive at the campground in less than Ѕ mile.
","BOATING CAMPING","Tres Rios Field Office  29211 Highway 184",26,1,0,0,0,0,0,0,0,0,0,0,0,0,0,1,0,0,0,0,0,0,0,0,0,0,0,"Normal",26,763,134,321,64
"16","Bradfield Recreation Site ","Tres Rios Field Office","29211 Highway 184","Dolores","Colorado","81323",37.65015,-108.73666,"970-882-7296","Bradfield is a large, open campground with a day use area and boat ramp. There are 17 designated camping spurs with picnic tables and fire rings. Ten of the sites have shade structures and one site is fully accessible for those with disabilities. There are two vault restrooms and two potable water hand pumps (seasonally operational, generally April 1st -Sept 30th). There is also an additional camping loop geared toward more dispersed camping for equestrian users (a rustic and un-maintained non-motorized trail leads downriver from here for about 8 miles, with several river crossings). The day use area has three picnic tables and shade trees. There is an $8/night camping fee on a first come first served basis. The busiest time of year is when there is a 'boatable release' on the lower Dolores from McPhee Reservoir, generally mid-April to mid-June. For more information, please contact the Tres Rios Field Office.","From HWY 491 at Pleasant View, take CR-CC east to CR-16 North to CR-S east, down into the Dolores River Cyn. At the bottom look for the BLM Portal sign for Bradfield, turning north (left). ","BOATING CAMPING PICNICKING","Tres Rios Field Office 29211 Highway 184",26,1,0,0,0,0,0,0,0,0,0,0,0,0,0,1,0,0,0,0,0,0,0,0,0,0,1,"Recreation Site",26,922,156,189,38
"17","Browns Canyon National Monument ","Royal Gorge Field Office","3028 E. Main Street","Canon City","Colorado","81212",38.61194,-106.06,"719-269-8500","Browns Canyon National Monument , a 21,586 acres (8,736 ha) national monument in Chaffee County, Colorado was designated as such by President Barack Obama under the Antiquities Act on February 19, 2015. For centuries, the granite cliffs, colorful rock outcroppings and stunning mountain vistas of Browns Canyon National Monument have attracted visitors from around the world. The areas unusual geology and roughly 3,000- foot range in elevation support a diversity of life and a wealth of geological, ecological, riparian, cultural and historic resources. The Arkansas River borders Browns Canyon NM and is one of the nation’s most popular whitewater rafting destinations. The Browns Canyon river segment provides a unique rafting experience allowing visitors to enjoy solitude while taking in the scenery of the area. Anglers can test their skills at catching brown and rainbow trout on this stretch of Gold Medal Trout Waters. For more information, please contact the Royal Gorge Field Office.","The National Monument is centered along the Arkansas River between the communities of Buena Vista and Salida.","CAMPING FISHING HIKING HORSEBACK RIDING HUNTING WATER SPORTS WILDLIFE VIEWING PHOTOGRAPHY","Royal Gorge Field Office 3028 E. Main Street",14,1,1,0,0,0,0,0,0,0,0,0,0,1,1,0,1,1,0,0,0,1,0,1,0,0,0,"National Monument",14,995,152,109,17
"18","Burn Canyon Trail System ","Uncompahgre Field Office","2465 South Townsend Avenue","Montrose","Colorado","81401",38.138317,-108.33885,"970-240-5300","The Canyon Trail System is located just a few miles southwest of Norwood, Colorado. The area offers beautiful views of deep canyons with large cottonwoods and junipers, as well as mesa tops with panoramic views of Lone Cone Mountain, the La Sal Mountains of Utah, and the majestic San Juan Mountains. The upper parking lot provides access to the Burn Canyon MTB trails and the McKee Draw hiking trails. The first loop from the parking area is Buttermilk Loop. It is an easy warm-up loop suitable for all ages and abilities. The larger Pinyon Point Loop is a continuation of Buttermilk Loop and offer great views of Burn Canyon, Naturita Canyon and the mouth of McKee Draw. North from Pinyon Point Loop the Old Nelson Cut-off passes along the edge of Hideout Canyon and connects to the other two loops in this trail system. Cedar Post Loop is a fun, fast, smooth loop. Hideout Canyon is a continuation of Cedar Post Loop that is the most challenging loop in this trail system. It offers good views of Burn Canyon and the La Sal Mountains in Utah. Posey’s Spur Trail connects back to W35 road for an easy out back to the parking area.","The trail system is located about a couple of miles northwest of Norwood, Colorado via paved and dirt roads. Passenger cars can access any of the trails under most road conditions. From Norwood’s main street (Grand Avenue): Travel to the far west end of Grand Avenue; follow the highway as it curves to the right; pass the fairgrounds on your right. Turn left at the first opportunity AA42 Road (also known as W35 and Norwood Burn Road); follow this road for about 2.9 miles. It passes the Pioneer Village subdivision and Elder’s junkyard. This Road changes to Norwood Burn Road. Continue on this road as it takes switchbacks into a canyon. Continue on the same road up a hillside and around some switchbacks where after climbing the hill you will find a parking area on your right. The trail head for the Burn Canyon Trail Loops start here.","BIKING HIKING HORSEBACK RIDING OFF HIGHWAY VEHICLE","Uncompahgre Field Office 2465 South Townsend Avenue",16,0,0,0,0,0,0,0,0,0,0,0,0,0,0,0,1,1,1,0,0,0,0,0,0,0,0,"Trail",16,1132,205,841,148
"19","Buzzard Gulch Trail System ","Uncompahgre Field Office","2465 South Townsend Avenue","Montrose","Colorado","81401",38.42122,-107.93163,"970-240-5300","Located just west of Montrose, Colorado, the Buzzard Gulch Trail System has evolved into a wonderful renewed resource for non-motorized trail users.  The landscape is classic canyon country -alternating between rocky and sandy terrain- with elevations ranging from 6,200 to 6,800 feet.  Sparse pinyon, juniper, and big sagebrush offer limited opportunities for shade.  While Spring Canyon Trailhead provides the best access, the trail system can also be reached from the Lower Spring Creek Trailhead along Dave Wood Road.

Designed and constructed as part of the Dry Creek Travel Management Plan implementation, the trail system is categorized as Non-Motorized Single Track, defined as routes of 36 inches wide or less intended for mechanized modes of transportation (such as mountain bikes), as well as foot and horse travel.  Modest elevation changes provide a moderately easy challenge for mountain bikers. for more information, please contact the Uncompahgre Field Office.","From Montrose, head west across the Uncompahgre River on West Main Street. Continue west up the hill as West Main becomes Spring Creek Road (Highway 90). At the top of the hill, turn left onto 6300 Road (the continuation of Highway 90). In 1.0 mile, Highway 90 makes a sharp right turn as it continues on West Oak Grove Road. In 0.4 mile, turn left onto 6250 (also known as Dave Wood) Road. In 2.5 miles, turn right onto Popular Road and then left onto Spring Canyon Road. Spring Canyon Trailhead will be on your left.","BIKING HIKING HORSEBACK RIDING","Uncompahgre Field Office 2465 South Townsend Avenue",16,0,0,0,0,0,0,0,0,0,0,0,0,0,0,0,1,1,0,0,0,0,0,0,0,0,0,"Trail",16,976,148,518,96
"20","Caddis Flats ","Uncompahgre Field Office ","2465 South Townsend Avenue","Montrose","Colorado","81401",38.02767,-108.38077,"970-240-5300","This campground and boat launch is located between the Unaweep/Tabeguache Scenic and Historic Byway (CO145) and the San Miguel River. The canyon in this area makes the transition from forest to high desert and is quite scenic. The campground has three developed campsites, one with a cabana. Four parking areas will accommodate large RVs and boat trailer parking. There is a toilet but no drinking water. There is a hand-carry boat launch. For more information, please contact the Uncompahgre Field Office.","From Placerville (Jct. CO 145 & CO 62), go west on CO 145 1.8 miles. Entrance is on the left (south). From Norwood, go east on CO 145 about 16.5 miles. Entrance is on the right (south).","BOATING CAMPING","Uncompahgre Field Office  2465 South Townsend Avenue",16,1,0,0,0,0,0,0,0,0,0,0,0,0,0,1,0,0,0,0,0,0,0,0,0,0,0,"Normal",16,506,83,185,36
"21","Calamity Camp Mining Site ","Grand Junction Field Office"," 2815 H Road","Grand Junction","Colorado","81506",38.61208,-108.85284,"970-244-3000","This remote, historic site contains one of the last standing vanadiun-radium-uranium camps in Colorado. Calamity Camp is an example of the historic mining camps that were active during the uranium booms from 1916 to 1980. The site has several well-preserved structures, including a cookhouse. NOTE: There is some residual radiation at this site, because of radioactive minerals in the area.","From Grand Junction, travel U.S. Highway 50 south 10 miles to State Highway 141.  Travel 42 miles west, toward Gateway.  Turn off at Niche Road, 4 miles east of Gateway.  Follow Niche Road 16 miles to Calamity Mesa.  It is recommended that maps be purchased from BLM before visiting the site.","HISTORIC & CULTURAL SITE","Grand Junction Field Office  2815 H Road",17,0,0,0,0,0,0,0,0,0,0,0,0,0,0,0,0,0,0,0,0,0,0,0,0,0,0,"Normal",17,390,63,292,51
"22","Canyon Pintado National Historic District ","White River Field Office","220 East Market Street","Meeker","Colorado","81641",40.00671,-108.78078,"970-878-3800","Canyon Pintado National Historic District encompasses over 16,000 acres of public land along 15 miles of State Highway 139. Canyon Pintado (Spanish for ""Painted Canyon"") received its name in 1776 when Fathers Dominguez and Escalante noted numerous examples of ancient Native American rock art as they traveled through the Douglas Creek Valley. For more information, please contact the White River Field Office.","From Rangely, Colorado (junction of State Highways 64 and 139), travel south on Highway 139. The District begins about 3 miles south and continues for 15 miles.","HISTORIC & CULTURAL SITE HIKING PICNICKING DAY USE AREA","White River Field Office 220 East Market Street",23,0,0,0,0,1,0,0,0,0,0,0,0,0,0,0,0,1,0,0,0,0,0,0,0,0,1,"Historic Site",23,410,62,160,27
"23","Canyons of the Ancient National Monument ","Anasazi Heritage Center","27501 Highway 184","Dolores","Colorado","81323",37.47595,-108.88687,"970-882-5600 ","Canyons of the Ancients National Monument ('the Monument') encompasses over 174,000 acres of federal land administered by the Bureau of Land Management (BLM). The Monument is located in the Four Corners region of southwestern Colorado, about 50 miles west of Durango, 10 miles west of Cortez and 12 miles west of Mesa Verde National Park. The Monument was designated on June 9, 2000 by Presidential Proclamation to protect cultural and natural resources on a landscape scale.

The Monument contains the highest known archaeological site density in the United States, with rich, well-preserved evidence of Native American cultures. The archeological record etched into this landscape is much more than isolated islands of architecture. This cultural landscape contains more than 8,300 recorded sites reflecting many physical components of past human life: villages, field houses, check dams, reservoirs, great kivas, cliff dwellings, shrines, sacred springs, agricultural fields, petroglyphs and sweat lodges. Some areas have more than 100 sites per square mile. The total number of sites is estimated to be up to 30,000.

This landscape has been used or inhabited by humans, including the Northern Ancestral Puebloan culture, for at least 10,000 years, and continues to be used by humans today. Contemporary uses of the Monument include recreation, hunting, livestock grazing and energy development.
","All visitors to the monument are encouraged to contact the Anasazi Heritage Center before visiting the monument. From Dolores, Colorado, travel west on State Highway 145, then turn west (right) on State Highway 184. Or if you are coming from Cortez, travel north on State Highway 145, then turn west (left) on State Highway 184. Continue for approximately 1 mile and the Anasazi Heritage Center will be on your right. Canyons of the Ancients National Monument is generally located North and West of Cortez Colorado to the South, Dove Creek to the North, and the Utah border to the West.
","BIKING HISTORIC & CULTURAL SITE CAMPING HUNTING OFF HIGHWAY VEHICLE","Anasazi Heritage Center 27501 Highway 184",25,1,0,0,0,0,0,0,0,0,0,0,0,0,0,0,0,0,1,0,0,0,0,1,0,0,0,"National Monument",25,1400,212,587,100
"24","Canyons of the Ancients Museum Tours ","27501 Hwy 184",NA,"Dolores","Colorado","81327",0,0,"970-882-5600","Canyons of the Ancients Visitor Center and Museum serves as headquarters to Canyons of the Ancients National Monument and is southwest Colorado's premier archaeological museum featuring Ancestral Puebloan, Native American, and historic cultures in the Four Corners region. The museum curates almost 4 million artifacts from the surrounding area and hosts special exhibits, films and programs regularly. Stop by the Visitor Center and Museum before heading onto the Monument to help plan your trip.
Ticket reservations are required for admission to the museum only. All visitors age 17 years and older will need a ticket to visit the museum.  Individuals 16 years and under do not need a ticket. In order to meet the CDC, state and local guidance related to COVID-19, tickets will be required to be purchased in advance and museum self-guided tours will be scheduled for  1 hour appointment slots during the museum’s hours of operation. Tours are limited to groups of 10 or less visitors.
Canyon of the Ancients National Monument is always free to access, and there is no charge to visit the Visitor Center and access information and brochures about the Monument. ","Visitors planning to explore the monument should first stop at Canyons of the Ancients Visitor Center and Museum located at 27501 Hwy 184, Dolores, CO 81323 (10 miles north of Cortez and 3 miles west of downtown Dolores) for orientation and current conditions. Please note, the Visitor Center and Museum is located about a half hour drive from Canyons of the Ancients National Monument. Do not rely exclusively on your mobile GPS navigation system to get the Visitor Center and Museum in time for your museum tour.","INTERPRETIVE PROGRAMS",NA,24,0,0,0,0,0,0,0,0,0,0,0,1,0,0,0,0,0,0,0,0,0,0,0,0,0,0,"Historic Site",24,1163,190,514,87
"25","Canyons of the Ancients National Monument - Visitor Center and Museum ","Canyons of the Ancients Visitor Center and Museum","27501 Highway 184","Dolores","Colorado","81323",37.47625,-108.54617,"970-882-5600","The Canyon of the Ancients Visitor Center is the headquarters for Canyons of the Ancients National Monument and the premier Archaeological Museum in southwest Colorado. Visitors are encouraged to stop by the Visitor Center before heading to the Monument to get information, maps and other publications. The Museum boasts interpretive exhibits, films, a research library, educational resources, and special programs and events interpret the history and culture of the Ancestral Puebloan and other Native American peoples, as well as the historic Anglo settlers. On its way to the Monument, the Trail of the Ancients Scenic Byway conveniently passes right by the Visitor Center and Museum. The Old Spanish National Historic Trail, a 19th century Mexican trade route, also runs through this area. For more information, please contact the Canyon of the Ancients Visitor Center and Museum by calling 970-882-5600. Our Visitor Center and Museum is closed until further notice. Canyons of the Ancients National Monument remains open to recreational activities and dispersed camping. The Visitor Center has travel and hiking brochures in two outside racks to help you plan your visit to the Monument. The paved, 1/2 mile hiking trail at the museum to Dominguez and Escalante Pueblos remains open for your enjoyment. Stay up to date by following our official Facebook page: Canyons of the Ancients Visitor Center and Museum @BLMCanyonsoftheAncients and check back in with our websites as conditions change: https://www.blm.gov/programs/national-conservation-lands/colorado/canyons-of-the-ancients or https://www.blm.gov/learn/interpretive-centers/CANM-visitor-center-museum.","From Dolores, Colorado, travel west on State Highway 145, then turn west (right) on State Highway 184. Or if you are coming from Cortez, travel north on State Highway 145, then turn west (left) on State Highway 184. Continue on 184 for approximately 1 mile and the Visitor Center will be on your right.","INTERPRETIVE PROGRAMS HIKING ENVIRONMENTAL EDUCATION PHOTOGRAPHY ACCESSIBLE FACILITY OR ACTIVITY","Canyons of the Ancients Visitor Center and Museum 27501 Highway 184",24,0,0,1,0,0,0,0,0,0,0,0,1,0,0,0,0,1,0,0,0,1,0,0,0,0,0,"National Monument",24,1665,256,302,54
"26","Catamount Bridge Boat Launch ","Colorado River Valley Field Office","2300 River Frontage Road","Silt","Colorado","81652",39.89047,-106.83205,"(970) 876-9000","Catamount Campground and River Access provides a concrete boat ramp, five campsites and vault toilets.  Day use is high between May and September and parking may not be available at that time.  Parking is allowed along the Colorado River Road.  For more information, please contact the Colorado River Valley Field Office.","Take the Dotsero exit off I-70 (exit 133). Head north on the Colorado River Road for 27.1 Miles.  The Catamount Campground and River Access will be on the left.  For more information, please contact the Colorado River Field Office.","BOATING CAMPING FISHING WATER SPORTS","Colorado River Valley Field Office 2300 River Frontage Road",11,1,1,0,0,0,0,0,0,0,0,0,0,0,1,1,0,0,0,0,0,0,0,0,0,0,0,"Boat Launch",11,321,51,231,40
"27","Cedar Mountain ","455 Emerson Street",NA,"Craig","Colorado","81625",40.57504,-107.61831,"(970) 826-5000","The Cedar Mountain Special Recreation Management Area (SRMA) consists of 880 acres of public lands administered by the Department of the Interior, Bureau of Land Management (BLM).  This horseshoe-shaped, juniper-rimmed mountain stands 1,000 feet above the Yampa Valley.  Because of Cedar Mountain’s isolation from similar terrain, the rim provides a vantage point which offers a view of the surrounding countryside.  There is a parking area, pit toilet, and individual and group picnic tables with fire grates.  Motorized vehicle use is limited to the signed designated roads only.   Cedar Mountain is a day-use only area.  
Cedar Mountain offers a wide variety of recreational opportunities year round.  Recreational activities include wildlife viewing, nature study, picnicking, hiking, mountain biking, cross-country skiing, snowshoeing, and horseback riding.   The 3.5 mile Stearns Trail starts from the parking area and is popular for foot, horseback, or mountain bike activities.  There is also a half-mile hiking trail that begins at the covered picnic  tables.  Geocaching opportunities are also available.   Additionally, Cedar Mountain’s natural qualities provide opportunities to experience isolation and solitude just a few miles from Craig.   
Cedar Mountain is available  to hunting  during the hunting season only.  Hunters are requested to remove all animal skins and parts from the area.  No shooting is allowed outside of hunting season.     
The geology of Cedar Mountain consists primarily of Browns Park Formation chalky-white colored sandstones.  An ancient volcanic flow of basalt provides a weather resistant cap which forms the mountain.  There are several small faults visible from the mountain.  Vegetation includes juniper, sagebrush, and mountain brush.  Mammals include mule deer, marmot, fox, coyote, squirrels and rabbits.  Golden eagles, redtail hawks, and turkey vultures are present.  During nesting season,  rock outcrops along the rim should be avoided to prevent disturbing any fledglings.   Cultural sites and artifacts may be present.  Please leave them as you found them.  All archeological sites and artifacts are protected by Federal law.","From  Highway 40 on the west end of Craig, take Moffat County Road 7 north.  The entrance road to Cedar Mountain is on the right about one half mile beyond the Gun Club shooting range.  The day use parking area is just up the road.  Motorized vehicle use is limited to designated roads.  The designated roads are marked with signs","BIKING HIKING HORSEBACK RIDING WINTER SPORTS WILDLIFE VIEWING",NA,10,0,0,0,0,0,0,0,0,0,0,0,0,1,0,0,1,1,0,0,0,0,0,0,0,0,0,"Normal",10,2181,321,330,60
"28","Cleveland Quarry Rec Site ","Royal Gorge Field Office","3028 E. Main Street","Canon City ","Colorado","81212",38.53247,-105.21899,"(719) 269-8500","Cleveland Quarry is part of the Garden Park Fossil Area and birthplace of modern paleontology. The site has interpretive information for the dinosaur bone enthusiast. Day-use visitors enjoy Fourmille Creek adjacent to the facility with Picnic tables, grills, and a toilet. Walk or drive to the Marsh Quarry site for a ¼ mile interpretive trail experience. For more information, please contact the Royal Gorge Field Office.
","From US Hwy 50 in Canon City, you can turn north at the Steinmeier traffic light (at Wal-Mart) or head North on Raynolds at the next traffic light. Travel north on either road as both will curve to the left and intersect Field Avenue. Turn north (right) on Field and travel on this two-lane road for about five miles. It will join Fremont County Road 9 (also called Red Cañyon Road) at a ""Y"" intersection. From here, continue north for 3.5 miles","PICNICKING INFORMATION SITE","Royal Gorge Field Office 3028 E. Main Street",3,0,0,0,0,0,0,0,0,0,0,0,0,0,0,0,0,0,0,0,0,0,0,0,0,1,1,"Recreation Site",3,423,66,445,84
"29","Cochetopa Creek Rec Site ","Gunnison Field Office ","210 West Spencer Avenue ","Gunnison","Colorado","81230",38.30625,-106.76442,"(970) 642-4940","This scenic recreation area is a destination perfect for a day of fishing. The dense vegetation and steep canyon walls that line Cochetopa Creek provide a calm and relaxing place to fish with developed campsites and picnic areas located along the creek. Beautiful rock formations line Highway 114 and lead down to this little oasis located between Saguache and Gunnison. For more information, please contact the Gunnison Field Office.","From the town of Gunnison, drive east on Highway 50. Turn south on highway 114. The recreation site is a 4 mile stretch along both sides of State Highway 114 near mile marker 113.","CAMPING FISHING PICNICKING","Gunnison Field Office  210 West Spencer Avenue ",8,1,0,0,0,0,0,0,0,0,0,0,0,0,1,0,0,0,0,0,0,0,0,0,0,0,1,"Recreation Site",8,434,69,179,34
"30","Colorado River Headwaters Byway ","Kremmling Field Office","2103 East Park Avenue","Kremmling","Colorado","80459",40.001957,-106.484811,"970-7124-3000","The Colorado River headwaters begin in Rocky Mountain National Park in northwest Colorado, about 55 miles from Kremmling. From the trickle of snowmelt starting in the Never Summer Range to the Colorado River Delta near the Gulf of California, the Colorado River runs about 1,450 miles. Once the river flows past Kremmling, it drops into Gore Canyon, cutting through the Precambrian gneiss and schist of the Gore Range. This section of river, which drops at 68 feet per mile for three miles, is considered the most challenging commercially-rafted stretch of river in Colorado—and possibly the United States! Once the pounding river gushes out of Gore Canyon, the river calmly continues its journey through Lower Gore/Hartman Canyon and Red
Gorge Canyon, past Bull Gulch Wilderness Study Area, and into Glenwood Canyon.
The area between Pumphouse and State Bridge receives heavy public use. The
stretch below State Bridge has traditionally seen far fewer boaters. In some
cases, regulations may differ between these two sections of river due to the
differences in public use.","From the town of Kremmling drive south on State Highway 9 approximately 1 mile to the intersection with Trough Road (county road 1). Turn right onto Trough road and drive along this road to the intersection with State Highway 131 at Sate Bridge. State Highway 131 will go south to Interstate Highway 70. The river generally follows the path of the highway.","BOATING","Kremmling Field Office 2103 East Park Avenue",19,0,0,0,0,0,0,0,0,0,0,0,0,0,0,1,0,0,0,0,0,0,0,0,0,0,0,"Byway",19,1073,174,356,62
"31","Community Site ","Colorado River Valley Field Office","2300 River Frontage Road","Silt","Colorado","81652",39.65288,-106.9845,"(970) 876-9000","Developed Boat launch site. For more information, please contact the Colorado river Valley Field Office.","Along Eagle River near Town of Gypsum. I-70 Exit 140 at Gypsum and turn south. Turn right on the frontage road (Old Highway 6) and go 2 miles past the roundabout. Continue straight past the Gypsum Recreation Site. Take a left to the Community Recreation Site.","BOATING","Colorado River Valley Field Office 2300 River Frontage Road",11,0,0,0,0,0,0,0,0,0,0,0,0,0,0,1,0,0,0,0,0,0,0,0,0,0,0,"Normal",11,104,15,259,47
"32","Confluence River Access ","Kremmling Field Office","2103 East Park Avenue","Kremmling","Colorado","80459",40.042469,-106.394698,"970-724-3000","This site is located on the south bank of the Colorado River at the confluence of the Colorado and Blue rivers, near the Town of Kremmling. It has a rail boat launch and accessible vault toilet. This site is for day use only - camping is prohibited. There is no fee for use of this site, and trash services are not provided - pack out your trash. The Confluence River Access is the primary put-in location for Class IV-V+ whitewater in Gore Canyon. Gore Canyon is extremely dangerous and considered to be an ""expert only"" section of whitewater. For more information, please contact the Kremmling Field Office.","From the town of Kremmling drive south on Highway 9 approximately 1 mile to the intersection with Trough Road (county road 1). Turn right onto Trough road and drive approximately 1 mile to the access road on the right (immediately past the power lines). Take this road to the parking lot.","BOATING FISHING","Kremmling Field Office 2103 East Park Avenue",20,0,0,0,0,0,0,0,0,0,0,0,0,0,1,1,0,0,0,0,0,0,0,0,0,0,0,"River Access",20,609,107,288,51
"33","Cortez SRMA ","Tres Rios Field Office","29211 Highway 184","Dolores","Colorado","81323",37.34942,-108.4955,"970-882-7296","This comparatively low-elevation (6,000-7,000 feet) area offers a unique combination of terrain, scenery, and climate that allows for nearly year-round recreation close to towns and surrounded by panoramic backdrops. The relatively small blocks of public land are particularly well-suited to non-motorized trail use with opportunities for short motorized trails. This area also contains the only ""open"" (to cross country travel) motorized areas in the field office, providing rock crawling, OHV play and skill-building. Mountain biking trail systems are currently the greatest draw, highlighted by Phil's World just east of Cortez, which is one of the BLM's 20 premier mountain biking destinations. For more information, please contact the Tres Rios Field Office.","From Main Ave. (Hwy 550) in Durango turn West onto US Highway 160, this turn is on the South end of Durango just south of College Drive at a stoplight. Stay on this highway for roughly 40 miles, this will take you through Hesperus and then the small town of Mancos. The parking lot for the trailhead will be on the right-hand side (North) of Highway 160 before you reach Cortez. If traveling from Cortez, the trailhead is approximately 4 miles East of town on the left side (North) of Highway 160.","BIKING","Tres Rios Field Office 29211 Highway 184",26,0,0,0,0,0,0,0,0,0,0,0,0,0,0,0,0,0,0,0,0,0,0,0,0,0,0,"SRMA",26,763,117,497,93
"34","Cottonwood Site ","Colorado River Valley Field Office","2300 River Frontage Road","Silt","Colorado","81652",39.712567,-107.044763,"(970) 876-9000","Cottonwood Island is located on the Colorado River and has a boat ramp and picnic site. Construction to improve site includes new vault toilet and loop road for boat ramp will be completed June 2018.  Camping is allowed on the island but not at the parking area, picnic sites or the boat ramp.  For more Information, please contact the Colorado River Field Office.","Take the Dotsero exit off I-70 (exit 133). Head north on the Colorado River Road for 5.9 miles to the Cottonwood Recreation Site, which is on the right.","BOATING CAMPING FISHING","Colorado River Valley Field Office 2300 River Frontage Road",11,1,0,0,0,0,0,0,0,0,0,0,0,0,1,1,0,0,0,0,0,0,0,0,0,0,0,"Normal",11,364,63,152,29
"35","E. Cross Mountain River Access ","Bureau of land Management","Little Snake Field Office","Craig","Colorado","81625",40.48572,-108.32248,"(970) 826-5000","Visitors should be aware that rough roads may exist. The improved site has a vault toilet,
parking, picnic sites and boat ramp. Camping is permitted, and tables and fire rings are provided.
State Park passes are required.
","EAST CROSS MOUNTAIN is located approximately 18 miles southwest of Maybell. Take U.S.
Highway 40 west of Maybell about 13.6 miles to Moffat County Road 85. Drive north on Moffat County Road 85 to the Bureau of Land Management Road 1551 and then 1.5 miles","BOATING","Bureau of land Management Little Snake Field Office",10,0,0,0,0,0,0,0,0,0,0,0,0,0,0,1,0,0,0,0,0,0,0,0,0,0,0,"River Access",10,222,37,254,45
"36","Cross Mountain WSA ","455 Emerson Street",NA,"Craig","Colorado","81625",0,0,"(970) 455 Emerson Street","Cross Mountain itself is an oblong, flat-topped land mass that rises over 2,200 feet above the floodplain of the Yampa River and the Little Snake River. The mountain trends north-south and forms an easily-identifiable landmark in the region.

Cross Mountain itself is an oblong, flat-topped land mass that rises over 2,200 feet above the floodplain of the Yampa River and the Little Snake River. The mountain trends north-south and forms an easily-identifiable landmark in the region.

The Yampa River cut a 1,000-foot-deep gorge, the Cross Mountain Canyon, through the mountain, forming a classic example of a superimposed river gorge with spectacular geologic history. Erosion of the mountain's east and west flanks has exposed colorful, rocky rims, side canyons and rock outcrops. The Yampa River in the Canyon provides the expert kayaker with high risk and challenging whitewater not found elsewhere in the region. The south end of the mountain is excellent for day hikes while the north end of the mountain provides a large area for backpacking and backcountry camping. Numerous side canyons allow for exploration and boulder scrambling.  

Activities enjoyed in the area include: Hiking, backpacking, photography, hunting, fishing, scenic viewing, wildlife viewing, and enjoying our cultural heritage.","The Cross Mountain WSA is located in Moffat County, approximately 15 miles west of Maybell; 45 miles west of Craig. The area is bordered on the south by Dinosaur National Monument. The Ant Hills, Chew Winter Camp, Peterson Draw, and Vale of Tears WSAs are also nearby.
","CLIMBING CAMPING HIKING WATER SPORTS",NA,7,1,1,0,0,0,0,0,0,0,0,0,0,0,0,0,0,1,0,0,0,0,1,0,0,0,0,"WSA",7,1307,207,269,47
"37","The Crown Rec Area ","Colorado River Valley Field Office ","2300 River Frontage Road","Silt","Colorado","81652",39.33275,-107.15167,"(970) 876-9000","The Crown Special Recreation Management Area near Carbondale is managed primarily for mountain biking but has trails open to hikers, equestrians, and motorized use.  It has been popular for many years because of a dense trail network in the Prince Creek drainage.  The Crown offers spectacular views of Mount Sopris and the Roaring Fork Valley.  The Crown is closed from December 1 to April 15, except a mountain bike trail paralleling Prince Creek Road (CTY Rd 5).  For more information, please contact the Colorado River Valley Field Office.","From the town of Carbondale take highway 133 south.  At Price Creek Road intersection, turn left and drive along Prince Creek approximately 4.2 to the recreation area.  There are several pull offs for parking.  For non-motorized use the first parking lot with the kiosk.  For mechanized please go to the upper parking lot which is about 2 miles from the lower access parking at the kiosk.","BIKING CAMPING HIKING","Colorado River Valley Field Office  2300 River Frontage Road",11,1,0,0,0,0,0,0,0,0,0,0,0,0,0,0,0,1,0,0,0,0,0,0,0,0,0,"Normal",11,543,88,388,67
"38","Deep Creek Day Use Area ","Colorado River Valley Field Office","2300 River Frontage Road","Silt","Colorado","81652",39.67207,-107.08494,"(970) 876-9000","Deep Creek canyon has outstanding scenic qualities related to the sheer-walled canyon, water resources, and riparian vegetation.  The Deep Creek area has 5 sites that have picnic tables and fire rings.  Camp at designated marked campsites only.  Must pack out human waste or use the vault toilet a bit farther up the road.  No cat holes are allowed due to the proximity of the creek to the sites.  Follow White-Nose Syndrome decontamination protocol if exploring underground in the area.","Take the Dotsero exit off I-70 (exit 133). Head north on the Colorado River Road 1.6 miles to the Coffee Pot Road #600 National Forrest Access on the left.  There is a BLM Deep Creek Campground sign at the turn.   The recreation area is 1 mile up the road; respect posted private property. Call the field office for more details.","PICNICKING HIKING WILDLIFE VIEWING","Colorado River Valley Field Office 2300 River Frontage Road",11,0,0,0,0,0,0,0,0,0,0,0,0,1,0,0,0,1,0,0,0,0,0,0,0,0,1,"Day Use Area",11,487,81,329,61
"39","Dinosaur Hill Trailhead ",NA,NA,"Fruita",NA,"81521",39.13284,-108.73598,"970-244-3000","The Dinosaur Hill Trail is a 1-mile loop with a moderate grade and several switchbacks, climbing about 150 feet from the trailhead to the summit. The surface is mostly packed dirt with occasional rocky sections. The trail winds through classic high-desert terrain dominated by juniper, sagebrush, and rabbitbrush, and offers sweeping views of the Grand Valley, the Colorado River, and the Book Cliffs. Geologically, the area is part of the Morrison Formation, a sedimentary layer rich in Jurassic fossils and known for its striking clay and sandstone outcrops.Dinosaur Hill is famous for its paleontological significance. In 1901, Elmer Riggs of the Chicago Field Museum excavated a nearly complete Apatosaurus skeleton here, one of the most important dinosaur finds of its time. Interpretive signs along the trail explain the excavation process and the science behind fossil preservation in the Morrison Formation. Visitors can view the original quarry site and casts of the fossil femur, and learn how discoveries from this hill helped shape our understanding of Jurassic ecosystems.Hours and SeasonsOpen year-round.Features and ServicesFacilities: Picnic tables and a shelter are available at the trailhead.Access and Parking: The large, gravel parking lot accommodates cars, trailers, and RVs.Cell Service: Generally available, though may be intermittent.Toilets: Pit toilets are located at the trailhead parking area.Drinking Water: No potable water is available on site – bring your own.Pets: Allowed on leash.Camping: The trailhead and trail are day-use only. Public and private campgrounds are available nearby.Nearby Amenities: Fruita and Grand Junction offer full services including lodging, gas, food, and medical facilities. Respect and ProtectPaleontological sites are sensitive and important to protect. By practicing responsible outdoor ethics, you help ensure future visitors can enjoy this remarkable site.","From the Interstate 70 exit for Fruita, go south on Colorado Highway 340 E / Broadway for ~1.5 miles. Turn left into the signed parking area. ","HIKING HISTORIC & CULTURAL SITE PICNICKING",NA,17,0,0,0,0,0,0,0,0,0,0,0,0,0,0,0,0,1,0,0,0,0,0,0,0,0,1,"Trail",17,1923,282,142,25
"40","Dispersed-White River ","White River Field Office"," 220 E. Market Street","Meeker","Colorado","81641",40.07501389,-108.8875,"970-878-3800","Extensive public lands through the White River Field Office provide outstanding opportunities for big game hunting and dispersed camping. For more information, please contact the White River Field Office.","To access the Big Trujillo River Take Out-Put In Site travel Rangely, CO. Then travel south off State Highway 64 near the Loaf N Jug gas station on the west side of town onto River Rd, which becomes County Road 2. Travel approx. 5 miles on County Road 2 and turn right on a dirt road just past the Entering Public Lands sign. Travel approx. 0.1 mile to the river access site which includes a parking area and easy river take-out/put-in site.","BOATING","White River Field Office  220 E. Market Street",23,0,0,0,0,0,0,0,0,0,0,0,0,0,0,1,0,0,0,0,0,0,0,0,0,0,0,"Normal",23,204,29,441,86
"41","Dolores River (CO) ","Tres Rios Field Office","29211 Highway 184","Dolores","Colorado","81323",38.41898,-108.82175,"(435) 259-2100","The lower stretch of the Dolores River offers technical rapids, stunning scenery, wildlife viewing, side-canyon hiking, and great camping. A free permit is required. Groups must read and adhere to all stipulations of the permit. Go to Recreation.gov to secure a free permit for floating the Dolores River. https://www.recreation.gov/permits/621749Rapids on this section of the Dolores River range from class I to class IV. The most challenging rapid is Stateline (class IV), which is at the Colorado-Utah border. This mile-long rock garden requires excellent scouting (from river right) and quick maneuvering at all water levels. A mistake made in this this rapid can result in a very long and dangerous swim. Many groups put in smaller craft below this rapid. Bring an adequate amount of drinking water as the Dolores and its tributaries are unfit for human consumption. Land ownership on the Lower Dolores is mixed; please respect the rights of private landowners.The main roadblock for running this stretch is a very erratic and short (sometimes non-existent) boating season. Flows generally peak between late April and early May. Suggested minimum flows (approximated) are: 200 cfs for canoes, kayaks, and duckies, 800 cfs for rafts less than 14 feet, and 1000 cfs for rafts larger than 14 feet. Current streamflow conditions are available on the U.S. Geological Survey website. For information on current levels at McPhee Reservoir, please visit the Dolores Water Conservancy District (DWCD) website.Private permits: There is no fee charged and you do not need to submit an application. Simply call (435) 259-7012 (Moab) or (970) 247-4874 (Tres Rios) between 8 a.m. and noon Monday through Friday (excluding Federal holidays) to obtain a permit. A last-minute reservation request or change to an existing permit can be easily accommodated if you have access to a fax machine. Please note that the permit must be signed by the trip leader and carried on the river to be authorized. By signing, the trip leader agrees to follow the River Use Stipulations that accompany the permit. Please leave your permit in the camp fee tube at the Dewey Bridge campground at the end of your trip. If you have questions, please call (435) 259-7012 (Moab) or 970) 247-4874 (Tres Rios)","From Cortez, travel 30 miles north on US Hwy 666. The put-in is at Bradfield Bridge Recreation Site, 6 miles east of Cahone. From Grand Junction, travel south 16 miles on US Hwy 550 to Whitewater, then west 44 miles on CO Hwy 141 to Gateway and the river.","RAFTING WHITEWATER RAFTING","Tres Rios Field Office 29211 Highway 184",1,0,0,0,0,0,0,0,1,1,0,0,0,0,0,0,0,0,0,0,0,0,0,0,0,0,0,"Normal",1,2272,378,255,50
"42","Dolores River Overlook ","Tres Rios Field Office","29211 Highway 184","Dolores","Colorado","81323",37.80525,-108.79377,"970-882-7296","The Dolores River Overlook has 6 individual walk-in camp/picnic sites, as well as one walk-in group site (3 tables and rings). There is a vault restroom at the parking area and no other camping facilities. The views of the Dolores River Canyon from this Ponderosa Pine dominated site are amazing. A short walk to down the overlook trail (includes rock steps) to the end of the ridge is well worth the effort! 

There is no fee at this site, and camping is on a first come, first served basis. The main use of this recreation site is for day use, though it is well suited to tent camping. While never busy, hunting season is when this site is visited most often. For more information, please contact the Tres Rios Field Office. 
","When traveling US Highway 491, turn east on CR J, just south of Dove Creek. Stay left on Road J at a ""Y"" in the road (at about 2.4 miles from highway). Two miles from the ""Y"", stay straight on Road J as it becomes a dirt road. Turn north (left) off of Road J after 2 Ѕ mils on the dirt road (there is a small reservoir/stock pond here, and the Montezuma County Road Map shows this as Road 15). The overlook is at the end of this 3 Ѕ mile road.
","CLIMBING HIKING PICNICKING","Tres Rios Field Office 29211 Highway 184",26,0,0,0,0,0,0,0,0,0,0,0,0,0,0,0,0,1,0,0,0,0,1,0,0,0,1,"Normal",26,728,134,444,94
"43","Dolores River SRMA ","Uncompahgre Field Office: 2465 South Townsend Avenue","Montorese, 81401","Dolores","Colorado","81323",37.65015,-108.73666,"TRFO: 970-882-7296 or UFO: 970-240-5300","This 102 mile stretch of river carves its way through broad valleys and incised canyons with sheer canyon walls. The river passes through multiple 'special areas' including a Wilderness Study Area, a Special Recreation Management Area, and Lands managed for Wilderness Characteristics. Whitewater boating ranges from flatwater to Class IV rapids (Snaggletooth Rapid), with access points at Bradfield Bridge, Mountain Sheep Point, and Gypsum Valley recreation sites. Depending on private land owner approval access may also be provided at Slick Rock. The Lower Dolores is situated below McPhee Reservoir and therefore flow is based on release from the McPhee Dam. Flows can be as low as about 10cfs or as high as 5000 cfs and downstream releases are dependent upon the ability to fill the reservoir. Ideal boatable flows are at least 200 cfs for canoes and kayaks, 800 cfs for rafts up 14 feet, and 1,000 cfs for rafts larger than 14 feet. The 'sweet spot' is generally considered to be between about 1,200 cfs and 2,000 cfs. In many years, there are no boatable releases. However, if releases due occur, they are generally between the middle of April and the middle of June. For more information, please contact the Tres Rios or Uncompahgre Field Office. 
","The Bradfield Bridge Recreation Site is the furthest upstream of several access points and can be accessed from County Road R off of Highway 491 (on the northern end of the town of Cahone, Co). Turn East off of CR R and drive approximately 3 miles to County Road 16. Turn South on CR16 and drive approximately 1.25 miles to County Road S. Turn East on CR S and drive approximately 1 mile to the entrance to Bradfield Bridge Recreation Site.","BOATING","Uncompahgre Field Office: 2465 South Townsend Avenue Montorese, 81401",27,0,0,0,0,0,0,0,0,0,0,0,0,0,0,1,0,0,0,0,0,0,0,0,0,0,0,"SRMA",27,1256,207,440,81
"44","Dominguez-Escalante National Conservation Area ",NA,"5524 650 Rd","Delta",NA,"81416",38.5436,-108.2548,"970-244-3000","The Dominquez-Escalante National Conservation Area includes the remote Dominguez Canyon Wilderness, recreation along the Gunnison River, and a network of off-highway vehicle trails. The conservation area allows for a wide variety of activities including hiking, boating, camping and wildlife viewing. The area also provides excellent heritage tourism opportunities, and the rugged canyons and bluffs here hold geological and paleontological resources spanning 1.4 billion years. For overnight stays, the Big Dominguez and Potholes campgrounds are available.To learn more, visit Dominguez-Escalante National Conservation Area.","Access into the Conservation Area varies by destination: Access the east side via Bridgeport Bridge: From Grand Junction, travel south on US-50, past Whitewater and Bridgeport Road. Access the north side via Dominguez Campground: From Grand Junction, travel south US-50. At Whitewater, turn right onto Highway 141 and continue to the Tabeguache Trail turnoff. Access the south side from Delta: Travel west on Highway 348 and turn right onto 25 Mesa Road/D Road.","BIKING CAMPING FISHING HIKING HORSEBACK RIDING HUNTING WATER SPORTS WILDLIFE VIEWING PHOTOGRAPHY ACCESSIBLE FACILITY OR ACTIVITY",NA,17,1,1,0,0,0,0,0,0,0,0,0,0,1,1,0,1,1,0,0,0,1,0,1,0,0,0,"Normal",17,625,85,461,76
"45","Dotsero Crater Rec Site ","Colorado River Valley Field Office","2300 River Frontage Road","Silt","Colorado","81652",39.6588,-107.03333,"(970) 876-9000","Dotsero Crater  is a 700-meter wide by 400-meter deep maar volcano located in Dotsero, Colorado near the junction of the Colorado River and the Eagle River. It is classified as a scoria cone with evaporitic rock, basaltic tephra, and oxidized sandstone. Erupting approximately 4200 years ago, it is the youngest volcano in Colorado.Crater caused by Dotsero eruption. the site is a point of interest for hikers. This Holocene volcano erupted in the year 2220 BCE, give or take 300 years. When Dotsero blew, it created small scoria cones that were constructed along a NNE-SSW line on either side of the maar. The eruption date is based upon radiocarbon dating of wood found underneath some of the scoria.

 It is one of the youngest eruptions in the continental U.S. and it produced an explosion crater, a lahar, and a 3-kilometer (1.9 mi) long lava flow.

 Interstate 70 cuts across the lava flow. The main industry at Dotsero for years consisted of making cinderblocks from the volcano","The site is located near Dotsero, Colorado. From Interstate Highway 70, take the Dotsero exit.  Go east along the highway access road to road 8460 and drive north on this road to the recreation site.","HIKING","Colorado River Valley Field Office 2300 River Frontage Road",11,0,0,0,0,0,0,0,0,0,0,0,0,0,0,0,0,1,0,0,0,0,0,0,0,0,0,"Recreation Site",11,985,169,199,35
"46","Durango SRMA ","Tres Rios Field Office","29211 Highway 184","Dolores","Colorado","81323",37.22383,-107.85656,"970-882-7296","The Durango Special Recreation Management Area is comprised of isolated parcels of public lands surrounding Durango, Colorado. Durango SRMA includes five discontinuous units that encompass 6,300 acres of land adjoining the town of Durango offering a wide range of recreational activities with plenty of hiking and mountain biking trails. Mountain bikes can be rented at shops in town.These parcels include 1) Grandview Ridge (popular for non-motorized trails), 2) Animas City Mountain (popular for non-motorized trails), 3) Skyline (popular for non-motorized trails), 4) Turtle Lake (popular for bouldering), and 5) East Animas Climbing Area (popular for technical climbing). For more information, please contact the Tres Rios Field Office.","Durango is located in southwest Colorado along the flanks of the San Juan Mountains.","CLIMBING HIKING DAY USE AREA","Tres Rios Field Office 29211 Highway 184",26,0,0,0,0,1,0,0,0,0,0,0,0,0,0,0,0,1,0,0,0,0,1,0,0,0,0,"SRMA",26,740,110,84,14
"47","East Animas/Turtle Lake RMZ ","Tres Rios Field Office","29211 Highway 184","Dolores","Colorado","81323",37.332332,-107.882851,"970-882-7296","East Animas/ Turtle Lake provides great rock climbing opportunities close to town. It is located north of Durango and right off of the road. Mostly known for bouldering with a scattered variety of difficulties. From there you can also access the Turtle Lake cliffs, located right above the bouldering area and is less frequently visited. The turtle lake cliffs have a variety of routes to choose from. For more information, please contact the Tres Rios Field Office.","To reach Turtle Lake, travel north through Durango on Main Street/Highway 550.  Turn West on Road 25 (to Junction Creek). Drive 3 miles to County Road 205.  Turn north (right) on CR 205 and drive approximately 1 mile to the climbing area. The area is not marked/signed.  Look for the boulders and access trail on the NW (left) side of CR 205. After passing the lake you will see the bouldering area of Turtle Lake on your left, and you'll know you're there. Follow the trail to the cliff band that is west above the bouldering.

To reach the East Animas Climbing area, travel north through Durango on Main Street/Highway 550.  Turn East on 15th Street which will become the Florida Road after 2 blocks.  Follow the Florida Road Northeast 2 miles to County Road 250.Turn north (left) on CR250 and drive approximately 1.75 miles.  A parking area/trailhead will be on the north (right) side of the road. Follow the trail to the cliff band that is west above the bouldering.
","CLIMBING","Tres Rios Field Office 29211 Highway 184",26,0,0,0,0,0,0,0,0,0,0,0,0,0,0,0,0,0,0,0,0,0,1,0,0,0,0,"RMZ",26,466,77,971,176
"48","Emerald Mountain ","Bureau of Land Management","Little Snake Field Office","Craig","Colorado","81625",40.45469,-106.91795,"(970) 826-5000","This day-use only recreation area located near Steamboat Springs provides opportunities for hiking, horseback riding and mountain biking in the summer as well as moderately challenging Nordic and back-country skiing in the winter. The Howelson Hill Ski Area, which gave Steamboat Springs the name “Ski Town USA,” adjoins
Emerald Mountain and provides additional trails. The trails within Emerald Mountain provide views of Mt. Werner, Sleeping Giant Mountain and other scenic icons of the Yampa Valley while meandering through Gambel oak, aspens, sage, and pine
forests. A seasonal closure is in effect December 1-June 30 to protect wintering and calving elk within the area south of Ridge Trail. The trails winding through Emerald Mountain Recreation Area are excellent for mountain biking, hiking, and horseback riding. Visitors can also enjoy Nordic skiing.Emerald is managed as two separate Zones. Zone 1- strenuous activities and Zone 2 - nature experience. No mountain bikes allowed in Zone 2. Zone 2 and trails south of Ridge Trail closed Dec. 1 - June 30 for wintering elk. Maps & Brochures Available from the BLM. ","Emerald Mountain is a complex singletrack network of trails that is accessible directly from downtown Steamboat Springs.","BIKING HIKING HORSEBACK RIDING","Bureau of Land Management Little Snake Field Office",10,0,0,0,0,0,0,0,0,0,0,0,0,0,0,0,1,1,0,0,0,0,0,0,0,0,0,"Normal",10,1122,177,120,17
"49","Flat-Top Peach Valley ","Uncompahgre Field Office","2465 South Townsend Avenue","Montrose","Colorado","81140",38.52131,-107.85916,"970-240-5300","Flat Top-Peach Valley is an upland desert landscape within Gunnison Gorge National Conservation Area. It is most popular for mountain biking and off-highway vehicle use, and enthusiasts can enjoy a variety of routes The area features two off-highway vehicle play areas, an ATV and motorcycle site, and a beginner riding area.","From Montrose Colorado, drive north on Highway 50 about 9 miles, turn east on (right) on Falcon road. Falcon road turns into Peach Valley Road. Continue about 4 miles toward the OHV area. there are approximately 75 miles of trails","BIKING CAMPING HIKING HORSEBACK RIDING","Uncompahgre Field Office 2465 South Townsend Avenue",16,1,0,0,0,0,0,0,0,0,0,0,0,0,0,0,1,1,0,0,0,0,0,0,0,0,0,"Normal",16,325,54,230,40
"50","Fruita Paleo Area ","Fruita Paleo Loop Trailhead",NA,"Fruita","Colorado","81521",39.151,-108.764,"970-244-3000","The Fruita Paleo Area features a half‑mile interpretive trail that winds through high‑desert terrain dotted with juniper, sagebrush, and rabbitbrush. The packed dirt path is designed for foot traffic only and offers sweeping views of the Grand Valley and surrounding mesas. Along the way, visitors encounter interpretive panels and artwork that bring the Jurassic world to life.This site is renowned for its paleontological importance. Fossils discovered here include bones from sauropods like Apatosaurus and Camarasaurus, as well as smaller dinosaurs and other prehistoric species that thrived about 150 million years ago. These finds have helped scientists understand Jurassic ecosystems and the processes that preserved these remains in stone. In addition to fossils, the trail leads to the historic Skinner Cabin, connecting visitors to the human history of early settlement in the region. Together, these features make the Fruita Paleo Area an outdoor museum of both deep geologic time and cultural heritage.Hours and SeasonsOpen year-round.Features and ServicesFacilities: Interpretive panels and artistic displays along the trail; benches and picnic tables at the trailhead.Access and Parking: Gravel lot accommodates cars, trailers, and RVs at the trailhead.Cell Service: Generally available, though may be intermittent.Toilets: Pit toilets are located at the trailhead parking area.Drinking Water: No potable water is available on site – bring your own.Pets: Allowed on leash.Camping: The trailhead and trail are day-use only. Developed campground are available nearby.Nearby Amenities: Fruita and Grand Junction offer full services including lodging, gas, food, and medical facilities.Respect and ProtectDinosaur tracks are trace fossils and protected; viewing and photography are welcome, but removing, casting, or defacing vertebrate fossils is prohibited. By practicing responsible outdoor ethics, you help ensure future visitors can enjoy this remarkable site.","From Interstate 70, take the Fruita Exit, go south on Colorado Highway 340 E / Broadway for ~1.5 miles. Turn right onto Kingsview Road, which turns into Horsethief Canyon Road. After ~2.2 miles, the Fruita Paleo Area trailhead will be on your left – watch for signs. ","HIKING DAY USE AREA INFORMATION SITE ENVIRONMENTAL EDUCATION HISTORIC & CULTURAL SITE",NA,17,0,0,1,0,1,0,0,0,0,0,0,0,0,0,0,0,1,0,0,0,0,0,0,0,1,0,"Normal",17,1975,281,267,45
"51","Gateway ","Grand Junction Field Office","2815 H road","Grand Junction","Colorado","81506",36.66074,-108.9561,"(970) 244-3000","Spectacular red-walled canyons line the Dolores River’s winding course through the heart of the Gateway area. A scenic and historic byway and two Wilderness Study Areas found here brim with breathtaking scenery, cultural history and fascinating geology. Miles of all-terrain vehicle and OHV routes also provide spectacular riding
through historic uranium mining country. The area also offers opportunities for canyoneering and hiking. Commercially-outfitted services for climbing, horseback riding and other diverse activities; a world class adventure center; and a museum are also nearby.","From Grand Junction, take Highway 141/Highway 50  south to the community of Whitewater. From there, take highway 141 southwest towards the community of Gateway","OFF HIGHWAY VEHICLES SECENIC DRIVE HIKING CLIMBING HORESEBACK RIDING INFORMATION SITE","Grand Junction Field Office 2815 H road",6,0,0,0,0,0,0,0,0,0,0,0,0,0,0,0,0,1,1,0,0,0,1,0,0,1,0,"Normal",6,589,86,159,25
"52","Gold Belt Recreation Management Area ","Royal Gorge Field Office","3028 E. Main Street","Canon City","Colorado","81212",38.44606,-105.19255,"719-269-8500","The Gold Belt Tour National Scenic Byway retraces the historic travel routes for the World’s Greatest Gold Camp, Cripple Creek. Travel on a historic, narrow-gauge railroad bed, an old stage road, and a county road on the Byway. The three legs of the route, which form a loop, have a total length of about 131 miles of historic sites, museums and recreation sites. For more information, please contact the Royal Gorge Field Office.","The Byway is located just 1 hour from Colorado Springs or Pueblo, Colorado.  From the north, it can be reached from U.S. Highway 24; the southern end can be reached from U.S. Highway 50.","BIKING CLIMBING CAMPING INTERPRETIVE PROGRAMS FISHING HIKING HORSEBACK RIDING HUNTING PICNICKING WATER SPORTS WILDLIFE VIEWING","Royal Gorge Field Office 3028 E. Main Street",14,1,1,0,0,0,0,0,0,0,0,0,1,1,1,0,1,1,0,0,0,0,1,1,0,0,1,"Management Area",14,430,74,186,34
"53","Grand Valley Open OHV Area ","Grand Valley OHV Recreation Area","27 and 1/4 Rd","Grand Junction","Colorado","81506",39.065,-108.707,"970-244-3000","Grand Valley Open OHV Area provides opportunities for cross-country motorized recreation and time with family and friends, including camping. The western boundary of the Open Area is 27 1/4 Road.","Several access points on the northeast end of the Grand Valley.","CAMPING OFF HIGHWAY VEHICLE",NA,17,1,0,0,0,0,0,0,0,0,0,0,0,0,0,0,0,0,1,0,0,0,0,0,0,0,0,"OHV",17,195,32,63,11
"54","Guffey Gorge / Paradise Cove ","Royal Gorge Field Office","3028 E. Main Street","Caсon City","Colorado","81212",38.76865,-105.33603,"(719) 269-8500","Guffey Gorge Day-Use Area, also referred to as Paradise Cove, is a popular recreation fee site located in southern Park County. Tucked within a rural, agricultural setting, Guffey Gorge is an 80 acre parcel of land located twelve miles away from Guffey, Colorado's town center. A  mile hike along West Fourmile Creek takes visitors through impressive rock features, wildflower meadows, and, upon entering the gorge, a ponderosa pine forest. After a steep descent down a hill, visitors can enjoy the small swimming hole that is bordered by rock walls and is fed by a cascade. The recreation site is day-use only fee site ($6.00/day) and provides a parking area for vehicles, an informational kiosk, vault toilets, and trash service during the summer months. Visitors are encouraged to be mindful of other visitors experiences and to pack out all trash. Possession of alcohol is prohibited, no amplified music; pets are required to be on leash, and visitors must park in the designated parking area. There is no overnight camping or campfires allowed, and no  portable fire grills, and glass is prohibited for visitor safety. It is illegal to park on the county road. For more information, please contact the Royal Gorge Field Office.  ","From Canon City, travel west on US Hwy 50 for approximately 10 miles turning north (right) onto CO Hwy 9. Travel 9 miles and turn right onto County Road 11 (High Park Road). Continue about 18 miles to Teller County Road 112. Turn left onto CR 112 and continue approximately 3 miles. Guffey Gorge is on the right side. DIRECTIONS: From Colorado Springs, travel west on US Hwy 24 for about 25 miles. Turn left onto CR 42/Twin Rocks Rd and drive 6 miles. Turn left onto Teller CR 1 and drive 6 miles. Turn right onto CR 11 for 4 miles. Turn right onto Teller CR 112 and continue approximately 3 miles. Guffey Gorge is on the right side.","CLIMBING FISHING HIKING WILDLIFE VIEWING DAY USE AREA SWIMMING SITE","Royal Gorge Field Office 3028 E. Main Street",3,0,0,0,0,1,0,0,0,0,0,0,0,1,1,0,0,1,0,0,0,0,1,0,0,0,0,"Normal",3,1234,205,633,121
"55","Gunnison ","Hartman Rocks Recreation Area","73 columbine Rd","Gunnison","Colorado","81230",38.50575,-106.94048,"(970) 642-4940","The Gunnison Area includes the very popular Hartman Rocks recreation use area just a few miles SW of Gunnison. It consists of 160 acres at the ""Base Area"" managed by the City and County of Gunnison as well as an adjacent 8,000 acres of federal land managed by the BLM. It’s a paradise of desert mountain biking, hiking, motorcycling, rock climbing, horseback riding, trail running, and Nordic skiing. With miles of trails and roads maintained by the BLM and local Gunnison recreation groups, Hartman’s is one of western Colorado’s best kept secrets. With 40 miles of singletrack trails and 33 miles of road open to biking, beginning to advanced riders can find great trails to learn on. Newly added adaptive hand cycling trails and some wider single track trails provide great opportunities for hand cyclists who want to challenge themselves with fun berms and rollers. Hikers and trail runners can enjoy these same trails or branch out onto other trails.

Named Hartman Rocks for the granite ridge that dominates the area, climbing routes and sites abound. Bolting is allowed, but climbers are encouraged to practice clean climbing whenever possible. Motor sports enthusiasts will enjoy motorcycling on 39 miles of trails and 33 miles of roads, and 4 wheel drive vehicles/ATVs can explore the roads. Trail maps are available. During the winter, Nordic skiers take advantage of 16 miles of trails maintained by Gunnison Nordic Club. Both classic and skate skiing options exist. When there is enough snow, snowmobiling on groomed trails and roads can be a great way to experience Hartman Rocks. Local groups are working to establish similar options for fat bikers. Now it’s mostly trails that are packed down and ridden in by snow shoes and more experienced fat bikers. The local bike shops can give you tips on where to ride.
","Entrances are located off of State highway 32 and from State Highway 38.","BIKING HIKING CLIMBING HORSEBACK RIDING ",NA,8,0,0,0,0,0,0,0,0,0,0,0,0,0,0,0,1,1,0,0,0,0,1,0,0,0,0,"Normal",8,1826,305,72,13
"56","Gunnison Forks Day Use Area ","Gunnison Gorge National Conservation Area","2505 South Townsend Avenue","Montrose","Colorado","81401",38.78475,-107.83655,"970-240-5300","The Gunnison Forks Day Use Site at the northern end of the national conservation area provides easy walk-in river access, a natural surface (river rock) boat ramp, picnic tables with shelters, restroom, and a sanitation dump station. Camping is not allowed at the site; however, camping is provided at the private Gunnison River Pleasure Park located adjacent to the BLM area. The Pleasure Park also provides parking, boat ramp, restrooms, showers, and eating facilities in addition to river shuttles, raft rental, and other commercial services. For more information, contact the Gunnison Gorge National Conservation Area or Uncompahgre Field Office.","Turn south off Hwy 92 onto 28.10 Rd. Look for the Gunnison Gorge Pleasure Park sign on the corner. Follow 2810 Rd. to the end and park your vehicle(s) in the BLM parking lot. Walk to the North Fork River.","PICNICKING DAY USE AREA","Gunnison Gorge National Conservation Area 2505 South Townsend Avenue",16,0,0,0,0,1,0,0,0,0,0,0,0,0,0,0,0,0,0,0,0,0,0,0,0,0,1,"Day Use Area",16,650,100,204,41
"57","Gunnison Gorge Wilderness ","Uncompahgre Field Office","2465 South Townsend Avenue","Montrose","Colorado","81401",38.670735,-107.832726,"970-240-5300","The Gunnison Gorge Wilderness offers a wild and pristine backcountry experience, with its unique black granite and colorful sandstone double-canyon system carved by the Gunnison River. Fourteen miles of the Gunnison River flow through this wilderness area, offering diverse and abundant recreation opportunities. The area, known for its exceptional and challenging whitewater boating, also features world class gold medal trout waters. The Gunnison Gorge Wilderness contains a total of 17,700 acres and is managed by the Bureau of Land Management. In 1999, Congress designated the Gunnison Gorge Wilderness, and it became part of the National Wilderness Preservation System. Visitors can enjoy challenging recreational activities and extraordinary opportunities for solitude. In an age of ""...increasing population, accompanied by expanding settlement and growing mechanization,..."" you play an important role in helping to ""...secure for the American people of present and future generations the benefits of an enduring resource of wilderness"" as called for by Congress in the Wilderness Act of 1964 When visiting public lands, please follow Leave No Trace Principles 
When visiting designated Wilderness, please follow the wilderness regulations outlined below. Regulations:Self-issued permits are required in the wilderness (see use fee description for more information and to purchase day use passes online).  Motorized and mechanized modes of travel (bicycles, dirt bikes, side-by-sides, wheeled carts, motorboats, and vehicles) are prohibited on all federal lands designated as wilderness.  Visitors must sign in at trailheads.  Maximum group size is 12 people.  Maximum length of stay is 3 days/2 nights.  Camping is allowed in the designated sites only along the river, on a first-come, first-served basis. Campsites are NOT reservable in advance.  You may purchase camping permits (cash or check only) at the wilderness trailheads when you arrive by following the instructions on the kiosks.  You may not cut, collect, or use live, dead, or downed wood for campfires. Stoves, grills, and/or firepans with charcoal are required.  Pack out all trash (including coals and ashes) and bring it home with you.  An EPA-approved carry out system is required for human waste. You may not bury human waste in the wilderness.  Dogs are welcomed in the wilderness, under voice or physical control.  To learn more about boating the Gunnison River through the wilderness, refer to Gunnison Gorge River Guide   Additional Information:  Always be prepared by carrying a map, compass and GPS, extra water, food, first aid kit, rain gear, and warm clothing. Tell someone where you are going and when you expect to return, or travel with a group. Be prepared for changing weather. Dial 911 in the event of an emergency, but do not count on cell coverage in all places.  Access roads are primitive, unmaintained, and impassable when wet. Four-wheel-drive, high clearance vehicles are strongly recommended. Roads are not suitable for pull-behind campers or trailers.  A Special Recreation Permit is required for all commercial uses such as outfitters or organized group guided trips where there is a fee charged. Contact Information:MANAGER GUNNISON GORGE NCA & WILDERNESS: S. Edd Franz2465 South Townsend AvenueMontrose, CO 81401Phone: (970) 240-5300 ","Peach Valley Road provides access to all four Wilderness trailheads - Chukar, Ute, Duncan, and Bobcat. Follow the signs to the Chukar Road turnoff, which leads to the Chukar trailhead. Follow Peach Valley Road north and follow signs to the three other Wilderness trailheads - Ute, Duncan, and Bobcat. Access roads are primitive, unmaintained, and impassable when wet. Four-wheel-drive, high clearance vehicles are strongly recommended. Roads are not suitable for pull-behind campers or trailers.","WILDERNESS BOATING CAMPING FISHING HIKING WATER SPORTS","Uncompahgre Field Office 2465 South Townsend Avenue",16,1,1,0,0,0,0,0,0,0,0,0,0,0,1,1,0,1,0,0,0,0,0,0,1,0,0,"Wilderness",16,3340,516,495,75
"58","Gunnison River Bluffs ","Grand Junction Field Office","2815 H road","Grand Junction","Colorado","81506",39.033,-108.53,"970-244-3000","Opportunities for trail-based hiking, dog walking, trail running, mountain bicycling, horseback riding and other non-motorized recreation activities between Orchard Mesa and Whitewater along the Gunnison River bluffs. Georeferenced PDF map available for download here: https://www.blm.gov/grand-junction-fo/public-room/map/gunnison-river-bluffs-extensive-recreation-management-area-map","From Grand Junction, take Hwy 50 south to 28 1/2 Road and take a right. Take a left onto B Road and follow the signs to the parking area (no parking is allowed where the trail starts).","BIKING HIKING HORSEBACK RIDING","Grand Junction Field Office 2815 H road",17,0,0,0,0,0,0,0,0,0,0,0,0,0,0,0,1,1,0,0,0,0,0,0,0,0,0,"Normal",17,385,52,184,38
"59","Gypsum Campground ","Colorado River Valley Field Office","2300 River Frontage Road ","Silt","Colorado","81637",39.65555,-106.9762,"(970) 876-9000","Gypsum Campground is located along the Eagle River and is readily accessible from Interstate Highway 70. The campground is open May 15 - November 15 annually. There is no reservation system. Campsites are occupied on a first come, first serve basis. Inactive volcanic crater and lava flow are nearby to Dotsero. Visitors who want to enjoy camping, picnicking, sightseeing, and wildlife viewing can access the river from the campground, which offers gravel roads with primitive walk in fishing and camping. Wildlife includes ducks, geese, blue heron, bald eagles and other raptors. Recreation activities in the area includes rafting and fishing. Floating season generally occurs during late May through July. For more information, please contact the Colorado river Valley Field Office.","I-70 Exit 140 at Gypsum and turn south. Turn right on the frontage road (Old Highway 6) and go 1.5 miles past the roundabout. Take a left to the Gypsum Recreation Area.","BOATING CAMPING","Colorado River Valley Field Office 2300 River Frontage Road ",11,1,0,0,0,0,0,0,0,0,0,0,0,0,0,1,0,0,0,0,0,0,0,0,0,0,0,"Campground",11,784,119,168,33
"60","Gypsum Hills ","Colorado River Valley Field Office","2300 river Frontage Road","Silt","Colorado","81652",39.688,-106.952,"970-876-9000","Gypsum Hills Recreation Area is easily accessible located right off of I-70. Challenging four-wheel drive routes and off-highway vehicle trails offers visitors the chance to test their abilities while enjoying the fantastic mountain scenery and ranching landscapes. There are also plenty of options for mountain bikers and hunters. For more information, please contact the Colorado River Valley Field Office.","Take I-70 to Gypsum exit.  Turn north onto Trail Gulch road (County Road 51).","HIKING OFF HIGHWAY VEHICLE","Colorado River Valley Field Office 2300 river Frontage Road",22,0,0,0,0,0,0,0,0,0,0,0,0,0,0,0,0,1,1,0,0,0,0,0,0,0,0,"Normal",22,408,62,77,15
"61","Gypsum Valley ","Tres Rios Field Office","29211 Highway 184","Dolores","Colorado","81323",38.135115,-108.878832,"970-882-7296","BLM's Gypsum Valley Recreation site is a remote site about 50 miles north of Dove Creek. The site serves primarily as a boat launch for the portion of the Dolores River flowing through the Dolores River Canyon Wilderness Study Area. There are three designated campsites here with rock fire rings and shade shelters. There are no other services/facilities for camping. Beyond boating, other popular uses of the Gypsum area are rock climbing, OHV touring, and hiking. 

There is no fee at this site, and camping is on a first come, first served basis. The busiest time of year is when there is a 'boatable release' on the lower Dolores from McPhee Reservoir, generally mid-April to mid-June. Outside of this timeframe, one would expect to have the area to themselves. For more information, please contact the Tres Rios Field Office.
","From Dove Creek, CO, take Highway 149 west about 1.5 miles to Highway 141. Turn north to follow 141 for approximately 34 miles to County Road 20R. Turn west on 20R and travel approximately 11 miles to a 'Y' in the road. Stay right and continue for another 2 miles. This small campground and boat launch will be on your left.","BOATING","Tres Rios Field Office 29211 Highway 184",26,0,0,0,0,0,0,0,0,0,0,0,0,0,0,1,0,0,0,0,0,0,0,0,0,0,0,"Normal",26,831,142,324,61
"62","Hardscrabble - East Eagle ","Colorado  River Valley Field Office ","2300 River Frontage Road","Silt","Colorado","81652",39.615,-106.871,"(970) 876-9000","Hardscrabble Special Recreation Management Area (SRMA) is located between Gypsum and Eagle, and has become a trail mecca for both motorized and non-motorized users. The SRMA is divided into two Recreation Management Zones (RMZs).  Mountain bikers can enjoy single track routes in the Eastern RMZ which surrounds Eagle; ATV and motorcycle riders have many routes designated for their use in the western RMZ near Gypsum; and hikers are able to explore the entire area with multiple difficulty levels of trail opportunities.  Camping is allowed outside of the Spring Creek area and in previously disturbed sites.  The area spans many different soil types and biota zones from gypsum soil scrublands to aspen laden highlands.  The area has a winter closure to protect wintering wildlife from December 1st to April 15th. For more information, please contact the Colorado River Valley Field Office.","There are three public roads that access this area.  

Spring Creek:  Take I-70 to the Gypsum exit and travel east on Highway 6 about .5 mile.  Turn right (south) on Valley Road for about .5 mile, then left (east) on Cooley Mesa Road.  Go about 1.5 miles and turn right (south) on Spring Creek Rd.  Go about 1 mile, then turn left on BLM Road 8380.  No parking, camping or shooting is permitted for the first .5 mile.

BLM Road 8384:  Take I-70 to the Gypsum exit and travel east on Highway 6 about .5 mile.  Turn right (south) on Valley Road for about .5 mile, then left (east) on Cooley Mesa Road.  Travel approximately 3 miles and turn right on BLM Road 8384.

Hardscrabble Road:  Take I-70 to the Eagle exit.  Travel west on Highway 6 for approximately 1 mile and turn right (south) on Brush Creek Road.  Go about 5 miles and turn right on Hardscrabble Road.
","OFF HIGHWAY VEHICLE","Colorado  River Valley Field Office  2300 River Frontage Road",11,0,0,0,0,0,0,0,0,0,0,0,0,0,0,0,0,0,1,0,0,0,0,0,0,0,0,"Normal",11,892,141,863,162
"63","Horse Pasture Site ","Colorado River Valley Field Office","2300 River Frontage  Road","Silt","Colorado","81652",39.6499,-106.99243,"(970) 876-9000","Horse Pasture Site is a fishing access point located along the Colorado River. Boat access is not located here but is upstream at the Community Site. For more information, please contact the Colorado river Valley Field Office.","I-70 Exit 140 at Gypsum and turn south. Turn right on the frontage road (Old Highway 6) and go 2.5 miles past the roundabout. You will pass the Gypsum Campground and Community Site before you enter the Horse Pasture Site on your left.","FISHING","Colorado River Valley Field Office 2300 River Frontage  Road",11,0,0,0,0,0,0,0,0,0,0,0,0,0,1,0,0,0,0,0,0,0,0,0,0,0,0,"Normal",11,226,37,234,44
"64","Irish Canyon ACEC ","Bureau of Land Management","Little Snake Field Office","Craig","Colorado","81625",0,0,"(970) 826-5000","  Irish Canyon is a relatively remote and highly scenic canyon.  It is designated as an Area of Critical Environmental Concern (ACEC) because of its unique geology, scenery, plant species, and cultural resources.  Twelve of the twenty-two geologic formations found in the eastern end of the Uinta Mountains occur here.  The beginning of the canyon is not more than 50 yards wide with steep walls with layers of red, green, and gray.  Elevations range from 6,100 to 8,636 feet.  Such outlaws as Butch Cassidy and the wild bunch, Matt Warner, Isom Dart, and others spent much of their time in the Browns Park area  during the early 1900s. There is an interpretive exhibit of ancient petroglyphs at the south entrance to Irish Canyon along with short  hiking trail.  There are other unmarked cultural sites in and around the area.  Archeological sites are special places that tell the story of our past.  These fragile irreplaceable heritage resources may not be readily visible so be aware and practice Leave No Trace principles.  
At the north end of the Canyon is a small campground  with 6 sites with tables, fire pits, and one pit toilet.  There are no developed trails, but hiking opportunities are available to the west to Limestone Ridge and Cold Spring Mountain, and to the east to Vermillion Canyon and the colorful badlands along Vermillion Creek. Primitive roads to the east and west provide excellent mountain biking opportunities to view the region particularly on Cold Spring Mountain.  Motorized and mechanized travel is limited to designated routes marked with signs.  ","From the community of Maybell, Colorado on U.S. Highway 40 turn northwest onto Colorado Highway 318 to Moffat County Road 10N (41 miles), which runs through Irish Canyon (4.5 miles from Colorado 318).  ","ENVIRONMENTAL EDUCATION CAMPING","Bureau of Land Management Little Snake Field Office",10,1,0,1,0,0,0,0,0,0,0,0,0,0,0,0,0,0,0,0,0,0,0,0,0,0,0,"Normal",10,1583,259,202,33
"65","Jouflas Campground ","Bureau of Land Management ","Grand Junction Field Office","Grand Junction","Colorado","81506",39.177,-109.021,"970-244-3000","Jouflas Campground is located in Rabbit Valley Motorized Area, which is within the McInnis Canyons National Conservation Area. There are eight sites that feature picnic tables and fire grates. The campground also has a toilet facility (non-flush). There is no fee to stay at this site. Please pack out all garbage.
","From Grand Junction take I-70 west to exit #2. Go left at the stop sign and over the interstate to the entrance to the National Conservation Area. Stay right at the first two intersections.
","CAMPING","Bureau of Land Management  Grand Junction Field Office",17,1,0,0,0,0,0,0,0,0,0,0,0,0,0,0,0,0,0,0,0,0,0,0,0,0,0,"Campground",17,315,52,190,35
"66","Junction Butte Wetlands ","Kremmling Field Office","2103 E. Park Avenue","Kremmling ","Colorado","80459",40.042789,-106.367095,"970-724-3000","The 120-acre Junction Butte Wetland is designated as a Watchable Wildlife Area, providing excellent birding opportunities. Thea rea is seasonally flooded to maintain the wetland and provided important habitat for waterfowl, shorebirds, and other migratory birds. It also provides vital winter habitat for big game species. For more information, please contact the Kremmling Field Office.","From Kremmling, go 3 miles south on HWY 9 to CR387 (dirt road); then 1/2 mile east.","FISHING HUNTING","Kremmling Field Office 2103 E. Park Avenue",20,0,0,0,0,0,0,0,0,0,0,0,0,0,1,0,0,0,0,0,0,0,0,1,0,0,0,"Normal",20,387,56,83,18
"67","Kimball Bridge (Highway 9) ","Kremmling Field Office ","2103 E. Park Avenue ","Kremmling ","Colorado","80459",40.04537,-106.37127,"970-724-3000","The segment of the river from Granby to Kremmling is very popular for fishing and a portion has been designated as Gold Medal Water by the Colorado Division of Wildlife (CDOW). Hwy 9 Fishing Access is about 1 miles south of Kremmling on the west side of the road just before you cross the Colorado River.  Facilities include a parking lot.  River access is about 1/2 mile long.","Approximately 27 miles from HWY 40 & 34 in Granby take a left (south) onto HWY 9 in Kremmling and go 1 mile to a turn off on the right just before the Colorado River.  Park in the parking lot and follow the short trail to the river.
","FISHING","Kremmling Field Office  2103 E. Park Avenue ",20,0,0,0,0,0,0,0,0,0,0,0,0,0,1,0,0,0,0,0,0,0,0,0,0,0,0,"Normal",20,377,69,233,47
"68","King Creek Trailhead ","Colorado River Valley Field Office","2300 River Frontage Road","Silt","Colorado","81652",40.0317,-106.84642,"(970) 876-9000","Trailhead to the 12,000 acre King Mountain Recreation Area. The area offers excellent opportunities for wildlife viewing and has beautiful scenery. Hiking, horseback riding, hunting, and camping in an uncrowded area is possible. The area is most busy during hunting season. For any more information, please contact the Colorado River Field Office.","Take I-70 to Wolcott and travel north on highway 131 toward the community of Toponas. Just before Toponas at the old school house, turn left and go west on Routt County Road 5. Travel approximately 2 miles and make a left on Road 5A. Travel south on 5A about one mile to the parking area. The trailhead provides access to the 12,000 acre King Mountain Area, which has scenic vistas, and offers hiking, horseback riding, hunting, and camping in an uncrowded setting.","CAMPING HIKING","Colorado River Valley Field Office 2300 River Frontage Road",11,1,0,0,0,0,0,0,0,0,0,0,0,0,0,0,0,1,0,0,0,0,0,0,0,0,0,"Trail",11,347,52,465,83
"69","King Mountain ","Colorado River Valley Field Office","2300 River Frontage Road","Silt","Colorado","81652",40.022455,-106.851757,"(970) 876-9000","The King Mountain SRMA is unique due to its remoteness and proximity to the Flat Tops Wilderness and its huge elk herd. Most of the routes within the SRMA are designated for foot and horse travel only, making it pristine and untouched by motorized vehicles. The area is prized by hunters for a remote backcountry hunting experience. Expect little trail maintenance, tough travel conditions, and beautiful scenery. This area includes approximately 12,000 acres of public land and is home to a variety of wildlife. The area is also open to outdoor recreation activities such as camping, hunting, wildlife viewing and hiking. The mountains vary in elevation ranging from 7,000 to 10,000 feet above sea level, and offer outstanding panoramas of the surrounding valleys and mountains. Vegetation includes sagebrush, pinyon-juniper and gamble oak in the lower elevations; with aspen, lodgepole pine and alpine meadows in the high country. Water is found in several perennial streams, ponds and springs, but may be scarce during dry years. For more information, please contact the Colorado River Valley Field Office.","Only the roads and trails highlighted here may be used by the public to access public land. Other roads into the area do not have legal public access. The following are directions to the various trailheads: 

Highway 131 Trailhead: Take I-70 to the Wolcott exit and travel north on highway 131 about 30.5 miles. There is a parking area on the left. 

King Creek Trailhead: Take I-70 to Wolcott and travel north on highway 131 toward Toponas. Just before Toponas at the old school house, turn left and go west on Routt County Road 5. Travel approximately 2 miles and make a left on Road 5A. Travel south on 5A about one mile to the parking area. 

Stifel Creek Trailhead: Take I-70 to Wolcott and travel north on highway 131 to the Colorado River Road (Eagle County Road 301). Turn left and travel west on the Colorado River Road about 6 miles to Antelope Creek Road on the right. Turn right and travel 1.5 miles to the unimproved parking area. 

Tepee Creek Trailhead: Take I-70 to the Wolcott exit and travel north on highway 131 to the Colorado River Road. Turn left and travel west on the Colorado River Road about 7.5 miles to Tepee Creek Road (BLM 8570). There is an unimproved parking area and a bulletin board available at the trailhead.","CAMPING FISHING HUNTING WILDLIFE VIEWING","Colorado River Valley Field Office 2300 River Frontage Road",11,1,0,0,0,0,0,0,0,0,0,0,0,1,1,0,0,0,0,0,0,0,0,1,0,0,0,"Normal",11,1109,176,1244,227
"70","King Mountain Trailhead 131 ","Colorado River Valley Field Office","2300 River Frontage Road","Silt","Colorado","81652",40.03154,-106.78173,"(970) 876-9000","The Trailhead leads to the 12,000 acre King Mountain Recreation Area. The area offers excellent opportunities for wildlife viewing and has beautiful scenery. Hiking, horseback riding, hunting, and camping in an uncrowded area is possible. The area is most busy during hunting season. For more information, please contact the Colorado River Valley Field Office.","Take I-70 to the Wolcott exit and travel north on highway 131 about 30.5 miles. There is a parking area on the left.","HIKING HUNTING","Colorado River Valley Field Office 2300 River Frontage Road",11,0,0,0,0,0,0,0,0,0,0,0,0,0,0,0,0,1,0,0,0,0,0,1,0,0,0,"Trail",11,360,54,116,24
"71","Knowles Overlook Campground ","McInnis Canyon National Conservation Area","2815 H Road","Grand Junction ","Colorado","81506",39.136,-109.03,"970-244-3000","CONSTRUCTION AT KNOWLES OVERLOOK CAMPGROUND BEGINS NOVEMBER 15, 2021 AND WILL CONTINUE THROUGH THE WINTER. THE CAMPGROUND WILL BE CLOSED DURING CONSTRUCTION.
","From Grand Junction, CO travel west on I-70 and take exit 2 towards Rabbit Valley. Take a left over the interstate and travel straight into McInnis Canyons National Conservation Area. Take a right at the first intersection and a left at the second intersection. Stay on the main road for approximately 2.8 miles and take a left. The campground is approximately 1.3 miles further.
","CAMPING PICNICKING","McInnis Canyon National Conservation Area 2815 H Road",17,1,0,0,0,0,0,0,0,0,0,0,0,0,0,0,0,0,0,0,0,0,0,0,0,0,1,"Campground",17,158,22,380,65
"72","Kremmling Recreation Management Area ","Kremmling Field Office","2103 E. Park Avenue","Kremmling","Colorado","80459",40.05714,-106.38788,"970-724-3000","The Kremmling Field Office manages 377,900 acres of land in north-central Colorado, including BLM-managed lands in the Laramie River Valley, North Park, Middle Park, Fraser Valley, and the Upper Colorado River Valley. The varied landscape encompasses high mountain peaks, sand dunes, canyons, the Colorado River and open sage-brush parks. The area offers a wide variety of recreation opportunities including rafting, hunting, fishing, camping, watchable wildlife, scenic driving, equestrian, and OHV use. For more information, please contact the Kremmling Field Office.","The Kremmling Field Office is located in Kremmling Colorado. Kremmling can be found at the intersection of U.S. 40 and Colorado Highway 9. It is about a one-hour drive to Kremmling from Granby, Grand Lake, Silverthorne or Steamboat Springs.","CAMPING HIKING HORSEBACK RIDING HUNTING OFF HIGHWAY VEHICLE","Kremmling Field Office 2103 E. Park Avenue",20,1,0,0,0,0,0,0,0,0,0,0,0,0,0,0,1,1,1,0,0,0,0,1,0,0,0,"Management Area",20,569,83,240,40
"73","Lake Fork of The Gunnison Riv. ","Gunnison Field Office ","210 West Spencer Avenue ","Gunnison ","Colorado","81230",38.03004722,-107.31333333,"970-642-4940","With approximately 14 miles total of public fishing access, the Lake Fork is excellent for fishing from the banks or for wade fishing.   The Colorado Division of Wildlife has stocked more than 24,000 fingerling and catchable trout in the Lake Fork in the last few years.  Most fish in the Lake Fork are brown trout, plus a good number of rainbow trout, and in the fall, kokanee salmon.  Most of the trout measure from 7 to 16 inches, with some nice big ones lurking around, too. For more information, please contact the Gunnison Field Office.","Take Hwy 149 southwest from Gunnison. It will meet up with the Lake Fork. There is access off this road and also at the inlet to Blue Mesa Reservoir.","FISHING","Gunnison Field Office  210 West Spencer Avenue ",18,0,0,0,0,0,0,0,0,0,0,0,0,0,1,0,0,0,0,0,0,0,0,0,0,0,0,"Normal",18,542,95,149,29
"74","Ledges Cottonwood Area ","Uncompahgre Field Office","2465 South Townsend Avenue","Montrose","Colorado","81401",38.247047,-108.368905,"970-240-5300","Located in groves of cottonwoods along the San Miguel River. Cottonwood campground has 14 campsites. RV and tent sites, a few cabanas, picnic tables, grills, toilets, and hand-carry boat ramps. No drinking water or trash services. The river in this section flows over sandstone bedrock where rock ledges form large holes creating rapids during high water. For more information, please contact the Uncompahgre Field Office.","From Naturita, go about 2 miles east on CO 141 to CR 90 on the left (north). Go north 1.1 miles on CR 90 toward the power plant. At the “Y” near the power plant, keep right on CR 90 toward Montrose. Go another 6.8 miles to the bridge over the San Miguel River (unsigned). Immediately after crossing the bridge, turn hard right onto the unsigned road that parallels the river. Cottonwood campground is about 2 miles from the bridge.","BOATING CAMPING FISHING","Uncompahgre Field Office 2465 South Townsend Avenue",16,1,0,0,0,0,0,0,0,0,0,0,0,0,1,1,0,0,0,0,0,0,0,0,0,0,0,"Normal",16,422,66,431,80
"75","Ledges Rockhouse Area ","Uncompahgre Field Office","2465 South Townsend Avenue","Montrose","Colorado","81401",38.235069,-108.368905,"970-240-5300","Ledges Rockhouse Campground is one of several recreation sites along the river. The site includes a restroom, 12 RV and 12 tent camping sites, cabanas, picnic tables, grills, and a boat ramp. During wet weather, the narrow, one-lane road along the river may become slick and impassable. The site is open all year. For more information, please contact the Uncompahgre Field Office.","Ledges Rockhouse Campground is located off Montrose County road BB36. BB36 road can be accessed off Hwy 90 near Nucla, CO. From Naturita, go about 2 miles east on CO 141 to CR 90 on the left (north). Go north 1.1 miles on CR 90 toward the power plant. At the ""Y"" near the power plant, keep right on CR 90 toward Montrose. Go another 6.8 miles to the bridge over the San Miguel River (unsigned).","BOATING CAMPING FISHING","Uncompahgre Field Office 2465 South Townsend Avenue",16,1,0,0,0,0,0,0,0,0,0,0,0,0,1,1,0,0,0,0,0,0,0,0,0,0,0,"Normal",16,380,63,394,76
"76","Little Book Cliffs WSA ","2815 H road",NA,"Grand Junction ","Colorado","81506",39.195,-108.419,"(970) 244-3000","The Little Book Cliffs Wilderness Study Area is characterized by gently-sloping plateaus, various small canyons, and four major canyon systems: Main Canyon, Coal Canyon, Cottonwood Canyon and Spring Canyon. These four larger systems are also accompanied by many smaller side canyons.

Part of the southern edge of this WSA is dominated by the 2,000-foot-high face of the Book Cliffs. A wild horse herd is also present in this area. Cultural values of the Fremont Culture are found here, as well as several natural bridges and hoodoos. The outstanding scenic beauty and topographic diversity offer excellent opportunities for solitude and unconfined recreation. Activities include hiking, backpacking, horseback riding, and photography.

Vegetation consists mainly of sagebrush, rabbitbrush, fourwinged saltbrush, and pinyon-juniper. Fauna includes wild horses, mule deer, elk, mountain lion, black bear, wild turkey, gray fox, raccoon, ringtail, squirrel, coyote, great horned owl, golden eagles, various other raptors, rattlesnake, the collared lizard, and chukar.","There are two routes to access the Little Bookcliffs WSA. Coal Canyon: From Grand Junction take I-70 east to the Cameo exit. Cross the Colorado River and drive past the public service power plant. Stay on the main road approximately 1.5 miles to the parking area. NOTE: the Coal Canyon trailhead is closed to motorized traffic from December 1 - May 30. Debeque/Winter Flats Road: Take I-70 east to the Debeque exit (62). Cross over the Colorado River and stay on the main road, take a left into the town of Debeque (4th Street) to the gas station - take a left and follow the road to the end. Turn right onto Winter Flats Road. Travel approximately 20 miles to a fork in the road. The right branch will take you to the North Soda area (the norther most point of the Wild Horse Area) and the left fork will take you into the Indian Park area. CAUTION: Winter Flats Road is a 4x4 road year round and usually impassable during winter months and in rainy conditions.","HIKING HORSEBACK RIDING WILDLIFE VIEWING PHOTOGRAPHY",NA,6,0,0,0,0,0,0,0,0,0,0,0,0,1,0,0,1,1,0,0,0,1,0,0,0,0,0,"WSA",6,1065,156,962,178
"77","Little Yampa Canyon ","Bureau of Land Management","Little Snake Field Office","Craig","Colorado","81625",40.47664,-107.96565,"(970) 826-5000","Little Yampa Canyon SRMA includes public lands on Duffy Mountain, Illes Mountain, and Juniper Mountain. Portions of the Yampa River and Yampa Valley Trail are included in the SRMA. The Yampa river is a popular flat-water floating trip for the young and old alike. The Yampa Valley Trail actually extends from Steamboat Springs, CO to Dinosaur CO and connect with other regional trails at either end. The Duffy Mountain Area is also a popular hunting, fishing and off-highway vehicle (OHV). Motorized and mechanized vehicles are allowed on designated routes only.  The 39 mile flat-water float trip through little Yampa Canyon may be accessed through South Beach River access site off of State route 13 south of Craig. The take-out at West Duffy Mountain River access site is off of Moffat County Road 17. The trip usually requires an overnight camp along the river on public lands. Users should be aware that there are private lands along the upper and lower segments of the river and should not trespass with out permission from the owner. Juniper Canyon has a large rapid which is not suitable for canoes, but offers a short white water run for rafters and kayakers. A user fee is charged at developed river access sites. River maps are available from BLM and Yampa River State Park. Colorado State Parks and BLM cooperatively enforce all appropriate laws and regulations on public lands within the river corridor. Permits are required for commercial guides and outfitters.","From Highway 40 on the west end of Craig, Colorado, take Moffat County road 13 south. When you reach Moffat County Road 17, proceed west until you reach the entrance road to Duffey Mountain.","BOATING","Bureau of Land Management Little Snake Field Office",10,0,0,0,0,0,0,0,0,0,0,0,0,0,0,1,0,0,0,0,0,0,0,0,0,0,0,"Normal",10,1475,249,190,34
"78","Lower Beaver Rec. Site ","Uncompahgre Field Office","2465 South Townsend Avenue","Montrose","Colorado","81401",38.11135,-108.1898,"970-240-5300","The campground is located between CO 145 and the San Miguel River about 0.4 miles downriver from the Beaver Creek Boat Ramp. There are three tent sites with tables and grills. Two parking areas will accommodate a few small RVs. A toilet and hand-carry boat launch is present. For more information, please contact the Uncompahgre Field Office.","Lower Beaver Campground can be accessed off Colorado Hwy 145 which is also called the Unaweep/Tabeguache Scenic and Historic Byway. From Norwood, go east on CO145 about 5.5 miles. Entrance is on the right (south).","BOATING CAMPING FISHING","Uncompahgre Field Office 2465 South Townsend Avenue",16,1,0,0,0,0,0,0,0,0,0,0,0,0,1,1,0,0,0,0,0,0,0,0,0,0,0,"Normal",16,342,58,213,36
"79","Lower Spring Creek Trail ","Uncompahgre Field Office","2465 South Townsend Avenue","Montrose","Colorado","81401",38.38426,-107.94038,"970-240-5300","The Lower Spring Creek Trail is an 8-mile long, motorized single-track trail that branches from the Upper Spring Creek Trail about 2 miles west of the South Dave Wood Road Trailhead at the Forest Service boundary. Initially the route begins on a two track, then follows an ATV trail that goes out to the rim of Spring Creek. The Lower Spring Creek Trail begins at the bottom of a big descent. The trail heads down canyon through a thick canopy of Pinyon and Juniper trees. Much of the trail is rocky and technical – lots of fun. There is a hike-a-bike at the north end near the lower trailhead just off of Dave Wood Road. It can be done as an out and back from the north trailhead, but many riders shuttle the South Dave Wood Road section. For more information, please contact the Uncompahgre Field Office.","Park at the lower (northern) trailhead and climb up Dave Wood Rd. Ride about 7 miles south, and at the Forest Service boundary, take a right on the Spring Creek Rim Road. After about a mile, branching right off the road will be the Spring Creek trail.","BIKING","Uncompahgre Field Office 2465 South Townsend Avenue",16,0,0,0,0,0,0,0,0,0,0,0,0,0,0,0,0,0,0,0,0,0,0,0,0,0,0,"Trail",16,806,150,251,47
"80","Lowry Pueblo National Historic Landmark ","Canyons of the Ancients National Monument Visitor Center and Museum"," County Road 7.25","Pleasant View","Colorado","81331",37.58476,-108.9201,"970-882-5600","Visit a 1,000-year-old ancestral Puebloan site, which includes a 40-room village. The Lowry Pueblo site was first excavated in 1931 and became a National Historic Landmark in 1967. It is one of the most significant BLM archaeological sites in the Four Corners region, where Colorado, Utah, New Mexico, and Arizona meet. For more information please contact the Canyons of the Ancients National Monument Visitor Center and Museum.","From Cortez, travel about 18 miles north on U.S. Highway 491 (666) to the ""Pleasant View and Lowry"" sign (Rd. CC). Turn west (left) on Rd. CC and follow the signs.","HISTORIC & CULTURAL SITE PICNICKING","Canyons of the Ancients National Monument Visitor Center and Museum  County Road 7.25",24,0,0,0,0,0,0,0,0,0,0,0,0,0,0,0,0,0,0,0,0,0,0,0,0,0,1,"Normal",24,428,70,163,31
"81","Lunch loops Community Rec Area ","Grand Junction Field Office","2815 H Road","Grand Junction","Colorado","81506",39.047,-108.606,"970-244-3000","The Lunch Loops provides non-motorized mixed use trail opportunities (mountain biking, hiking, trail running), accommodating a range of skill levels. This area is easily accessed from Grand Junction and provides outstanding views of the Grand Valley. For a map please visit: http://www.copmoba.org/trail-map-pdfs","From Grand Junction, travel west on Hwy 340 and take a left onto Monument Road and travel for approximately 1.8 miles. The trailhead (Tabeguache Trailhead) will be on your left.","BIKING HIKING DAY USE AREA","Grand Junction Field Office 2815 H Road",17,0,0,0,0,1,0,0,0,0,0,0,0,0,0,0,0,1,0,0,0,0,0,0,0,0,0,"Normal",17,312,47,177,30
"82","Lyons Gulch Boat Launch ","Colorado River Valley Field Office","2300 River Frontage Road","Silt","Colorado","81652",39.69905,-107.07292,"(970) 876-9000","Lyons Gulch is a free BLM site featuring a boat launch, which includes a toilet and five campsites. Campsite #1 can accommodate larger groups.  The restroom is closed November 15th to May 15th.  Cat holes are not permitted due to the proximity to the river.  Do not camp in this location during heavy rains due to mud slides and flooding.  For more information, please contact the Colorado River Field Office.","Take the Dotsero exit off I-70 (exit 133). Head north on the Colorado River Road.  Lyons Gulch Recreation Site is 3.8 miles up on the right.","BOATING CAMPING","Colorado River Valley Field Office 2300 River Frontage Road",11,1,0,0,0,0,0,0,0,0,0,0,0,0,0,1,0,0,0,0,0,0,0,0,0,0,0,"Boat Launch",11,409,70,140,27
"83","McCoy ","Colorado River Valley Field Office","2300 River Frontage Road","Silt","Colorado","81652",39.90545,-106.76515,NA,"The BLM trails near McCoy, CO are a fun playground for motorcyclists. The trails here are tough and remote so be careful. For more information, please contact the Colorado River Field Office.","From Wolcott, head north out of town on CO-131 N and follow approximately 20.0 miles to the trail access.","OFF HIGHWAY VEHICLE","Colorado River Valley Field Office 2300 River Frontage Road",28,0,0,0,0,0,0,0,0,0,0,0,0,0,0,0,0,0,1,0,0,0,0,0,0,0,0,"Normal",28,191,32,105,20
"84","McDonald Creek Trailhead ",NA,NA,"Mack","Colorado","81525",39.163,-109.031,"970-244-3000","Hike along a stream bed for several miles to the Colorado River in search of rock art sites among outstanding scenery. Please be considerate of this fragile desert canyon - All the rock art can be seen without leaving the trail. Binoculars are a very good way to see the rock art details. Please walk only in the streambed to help preserve the natural beauty and your sense of discovery of this area. The McDonald Creek Cultural Area is closed to camping and campfires and the trail is open to foot traffic only.","From Grand Junction, travel on I-70 west and take the exit to Rabbit Valley (2). Take a left and go over the interstate and straight into Rabbit Valley. Continue on the dirt road. Take a right at the first intersection and a left at the second intersection (you will see a sign about camping opportunities in Rabbit Valley at the second intersection) - from here, travel approximately 2.3 miles to the trailhead.","HISTORIC & CULTURAL SITE HIKING DAY USE AREA",NA,17,0,0,0,0,1,0,0,0,0,0,0,0,0,0,0,0,1,0,0,0,0,0,0,0,0,0,"Trail",17,512,92,412,72
"85","McInnis Canyons National Conservation Area ",NA,NA,"Fruita",NA,"81521",39.128,-108.886,"970-244-3000","McInnis Canyons National Conservation Area is one of BLM Colorado's premiere desert recreation areas. Hikers will be stunned by the red-rock cliffs of Black Ridge Canyons Wilderness while the Ruby-Horsethief River Corridor offers Class I and II flatwater boating nearby. The area also offers mountain biking at Mack Ridge/Kokopelli and off-highway vehicle trails in Rabbit Valley. The Trail Through Time, adjacent to an active dinosaur quarry, provides visitors a chance to learn about fossils and paleontological finds in the area. Find outstanding hiking and horseback riding at Devil's Canyon and Pollock Bench trailheads off of Kingsview Road outside of Fruita. To learn more, visit McInnis Canyons National Conservation Area.","McInnis Canyons National Conservation Area is accessible via a number of routes.","BIKING BOATING CAMPING HIKING HORSEBACK RIDING HUNTING OFF HIGHWAY VEHICLE WATER SPORTS WILDLIFE VIEWING WILDERNESS ENVIRONMENTAL EDUCATION PHOTOGRAPHY ACCESSIBLE FACILITY OR ACTIVITY HISTORIC & CULTURAL SITE",NA,17,1,1,1,0,0,0,0,0,0,0,0,0,1,0,1,1,1,1,0,0,1,0,1,1,0,0,"Normal",17,730,113,80,12
"86","Meeker Trails ","White River Field Office","220 E. Market Street","Meeker","Colorado","81641",40.051067,-107.920833,"970-878-3800","The town of Meeker is largely an agricultural community, located in the wide fertile valley of the White River in northwestern Colorado. Relatively isolated from other communities, it sits near the intersection of State Highway 13 and State Highway 64, on the north side of the White River and at the base of a long ridge, known locally as China Wall. Some of the trails go along this ridge. There are 11 miles of single-track trails that are open to hiking and biking. The trail system incorporates a number of new and existing trails developed by the local community and agencies. The surrounding area offers more recreational opportunities including high quality hunting and access to large and remote wilderness areas. For more information, please contact the White River Field Office.","Take State Highway 13 to the Town of Meeker. Travel north on 3rd Street for 8 blocks to where it ""t's"" with Sanderson Drive. Turn left on Sanderson Drive and travel approx. 1/4 mile to Sanderson Hill Park. There is parking, a restroom, a playground, a ball field, and a picnic shelter at this park. The trailhead is located in the back of this park with a kiosk and map.","BIKING CAMPING HIKING PICNICKING","White River Field Office 220 E. Market Street",23,1,0,0,0,0,0,0,0,0,0,0,0,0,0,0,0,1,0,0,0,0,0,0,0,0,1,"Trail",23,789,131,370,71
"87","Mica Mine/Rough Canyon ","Grand Junction Field Office","2815 H Road","Grand Junction","Colorado","81506",38.991,-108.62,"970-244-3000","Opportunities for hiking and outdoor classroom learning. Enjoy viewing of geology, plants, and wildlife in a natural landscape. Mica Mine is a 2.6 miles round trip within Ladder Canyon. Motorized and mechanized use is not allowed. Easy access from Grand Junction.","From Grand Junction take Hwy 340 west and take a left onto Monument Road. Take another left onto D road, which turns into Rosevale Road. Take a right onto Little Park Road and continue five miles to Bangs Canyon Trailhead on the left.","INTERPRETIVE PROGRAMS HIKING ENVIRONMENTAL EDUCATION","Grand Junction Field Office 2815 H Road",17,0,0,1,0,0,0,0,0,0,0,0,1,0,0,0,0,1,0,0,0,0,0,0,0,0,0,"Normal",17,263,41,234,43
"88","Mosquito Peaks ","Royal Gorge Field Office"," 3028 E. Main Street","Caсon City","Colorado","81212",39.3001,-106.183,"719-269-8500","This beautiful high-alpine tundra and Area of Critical Environmental Concern contains significant biodiversity. There are several small parcels of BLM land here, with unique geological formations and 18 rare plant species. This area is located near significant cultural attractions within the communities of Fair play (to the east) and Leadville (to the west). For more information, please contact the Royal Gorge Field Office.","Mosquito Peak is 2 miles north of Mosquito pass which connects Alma and Leadville. From the south it is 4.5 miles from the 285 Colorado 9 crossroads in Fairplay or 1 mile south of Alma. If you are coming from Fairplay, drive north 4.5 miles towards Alma on Colorado 9. Turn west onto Park County 12 towards Park City. Go through the town of Park City and continue on the road for another 2.5 miles and take the right fork in the road. The road is open for another 100 yards, park here at approximately 10,900 feet in the winter and in the summer to 11,520 feet.","CAMPING HIKING OFF HIGHWAY VEHICLE WILDLIFE VIEWING","Royal Gorge Field Office  3028 E. Main Street",14,1,0,0,0,0,0,0,0,0,0,0,0,1,0,0,0,1,1,0,0,0,0,0,0,0,0,"Normal",14,427,64,561,107
"89","Mount Garfield  ",NA,NA,"Palisade ","Colorado",NA,39.119,-108.389,"970-244-3000","Mount Garfield is an iconic landmark of the Grand Valley located near the town of Palisade. The hike is two miles one way with 2,000 feet of elevation change - The trails are steep and challenging but offer exceptional views. Expect the hike to take several hours to complete. Be prepared with plenty of water and sturdy footwear. Hiking poles can be very useful, especially for the decent.                                                                There are two different trails leading to the top of Mt. Garfield: The two mile long Mt. Garfield Trail is shorter but more strenuous while Gearhart Mine Trail is 2.5 miles to the top.","From Grand Junction, take I-70 east to the Palisade exit (#42), turn south (right) onto 37 3/10 Road, and go to the first road on the right immediately after crossing the irrigation canal (G 7/10 Road). Travel 1.5 miles to the end of the road and go through a tunnel that passes under I-70 (Use caution if there is water in the tunnel - it can deceptively deep). The trailhead is a short distance further.","HIKING PHOTOGRAPHY",NA,17,0,0,0,0,0,0,0,0,0,0,0,0,0,0,0,0,1,0,0,0,1,0,0,0,0,0,"Normal",17,638,101,405,78
"90","Mountain Sheep Point Rec Site ","Tres Rios Field Office","29211 Highway 184","Dolores","Colorado","81323",37.79732,-108.8267,"970-882-7296","Mountain Sheep Point Rec Site, also known as ‘Dove Creek Pumps’ is approximately 19 miles downriver from Bradfield is the Mountain Sheep Point Recreation Site, which can be accessed by driving about 6 miles east from Dove Creek along gravel and dirt county roads. This site is used primarily as a river access point during 'boatable releases' on the Lower Dolores River and can be extremely busy during those periods. The rest of the year this site serves as a small day use site located with an extremely scenic portion of the Dolores River Canyon. Sheer Redrock cliffs and frequent appearances by bighorn sheep make this a great place to have a picnic lunch and dip your toes in the river. The site consists of a boat ramp, vault toilet, two picnic tables, one fire ring, interpretive panel, and parking. For more information, please contact the Tres Rios Field Office.","When traveling US Highway 491, turn east on CR J, just south of Dove Creek. Then turn north on CR 9, east on H, then north again on CR 10. Veer left at the ‘Y’ and follow the county road down into the canyon.","BOATING","Tres Rios Field Office 29211 Highway 184",26,0,0,0,0,0,0,0,0,0,0,0,0,0,0,1,0,0,0,0,0,0,0,0,0,0,0,"Recreation Site",26,871,150,208,44
"91","Mud Springs RMZ ","Tres Rios Field Office ","29211 Highway 184","Dolores","Colorado","81323",37.302292,-108.663872,"970-882-7296","The main recreational planning emphasis for the Mud Springs area is for motorized trails and rock crawling opportunities, though there are also about 4 miles of non-motorized trails as well. The motorized trails are converted full sized vehicle routes which access three 'Open' OHV play areas. Two of these open areas are for rock crawlers (super modified 4-wheel drive vehicles), and one is for ATV/UTVs. For more inrfomation, please contact the Tres Rios Field Office. 
","Mud Springs is located about 6 miles SW of Cortez. To get there from Cortez, travel south on Highway 491 about 2 miles to McElmo Canyon/County Road G. Turn east at the light and drive 2.75 miles to County Road 21. Turn south. The Mud Springs parking lot/Trailhead will be on the west side of the road after approximately .75 miles.
","OFF HIGHWAY VEHICLE","Tres Rios Field Office  29211 Highway 184",26,0,0,0,0,0,0,0,0,0,0,0,0,0,0,0,0,0,1,0,0,0,0,0,0,0,0,"RMZ",26,472,78,332,63
"92","Muddy Creek Fishing Access and Kremmling Cliffs ","Kremmling Field Office","2103 East Park Avenue","Kremmling ","Colorado","80459",40.0873,-106.40762,"970-724-3000","Muddy Creek is a tributary of the Colorado River and provides anglers another great option to pursue both Rainbow and Brown trout in the Colorado River Basin. The creek is split in half by Wolford Reservoir and the most popular section to fish is the tailwater section below the dam. The majority of the river above the reservoir is privately owned. Below the dam, anglers have approximately 5 miles of river to explore. The river sits in a fairly wide open meadow and doesn't provide much protection from the elements. The trout in Muddy Creek grow to respectable sizes and 14""-16"" fish are not uncommon. Reports of fish much larger than that below the dam are somewhat frequent as well. Trails offer access upstream and downstream for access to approximately 1.5 miles of Muddy Creek. There is a vault restroom at the parking area. For more Information, please contact the Kremmling Field Office.","Muddy Creek Fishing Access is located three miles north of Kremmling and east of U.S. Highway 40.  From the town of Kremmling, take Hwy 40 west for approximately three miles. Turn east following County Road 227 for 0.6 mile. At the top of the ridge, turn left on BLM Road 491, ending at the Muddy Creek Fishing Access parking area.","FISHING","Kremmling Field Office 2103 East Park Avenue",20,0,0,0,0,0,0,0,0,0,0,0,0,0,1,0,0,0,0,0,0,0,0,0,0,0,0,"Fishing Access",20,898,154,331,60
"93","New Castle ","Colorado River Valley Field Office ","2300 River Frontage Road","Silt","Colorado","81352",39.592,-107.475,"970-876-9000","New Castle Extensive Recreation Management area is abundant in recreational opportunities. Mountain biking has become prevalent, though all trails are open to horseback and hikers as well. The Colorow trail is in the heart of the area, providing trail users beautiful views of the Grand Hogback and town of New Castle. Several miles of new trails were added to the system in 2017.  This area is also home to wildlife including mule deer, elk, foxes, and mountain lions. Trails are closed to bike use from December 1st to April 15th to protect these wintering animals. Located near the New Castle RMA is the Strom King Memorial Site. Storm King Memorial Trail is dedicated to the 14 brave firefighters who gave their lives fighting the South Canyon fire in 1994. For more information on this site click here, or please contact the Colorado River Valley Field Office.","There are two trailheads used to access the Colorow Trail. 

VIX Ranch Park Trailhead: Take exit 105 off I-70.  Turn north.  Continue north on Castle Valley Boulevard 1.5 miles.  Go past the schools on the right.  Take a right on Alder Avenue.  Turn right on N. Wildhorse Drive and continue up the hill to Vix Park.  Park here.  Ride on North Wildhorse to the west, take a right on Buckskin Circle and another right on Mustang Drive. At the end of Mustang Drive continue straight ahead and look for the Colorow Trailhead sign to access East Colorow. To access West Colorow take the Colorow connector trail to the west that travels behind the houses on your left. 

Alder Park/Loriat Loop Trailhead: Take exit 105 off I-70.  Turn north.  Continue north on Castle Valley Boulevard 1.5 miles.  Go past the schools on the right.  Take a right on Alder Avenue.  Park at Alder Park.  Ride from Alder Park west down Alder Avenue to Lariat Loop.  Turn right on Lariat Loop. Follow Lariat Loop to Lariat Trail to the Colorow Trailhead.","BIKING HIKING HORSEBACK RIDING WILDLIFE VIEWING","Colorado River Valley Field Office  2300 River Frontage Road",22,0,0,0,0,0,0,0,0,0,0,0,0,1,0,0,1,1,0,0,0,0,0,0,0,0,0,"Normal",22,865,146,1026,182
"94","North Delta OHV Staging Areas ","Uncompahgre Field office","2465 South Townsend Avenue","Montrose","Colorado","81401",38.78578,-108.03173,"970-240-5300","The open area covers 8,560 acres about six miles northeast of Delta. While it's open to cross-country travel of all types, including biking and hiking, the heaviest increase in use is attributed to off-highway vehicles (OHVs) such as four-wheelers and side-by-sides.  When in the area of the western slope of Colorado take the time to visit the Delta OHV recreation area.  In this area, you don't have to stay on designated trails. It is wide open to off road travel.  Cross country or use the trails that are established in the area.  Just a 15 min drive from main street in Delta. North Delta OHV area is over 8500 acres of ""Open"" cross country riding opportunities for all uses (motorized and non-motorized).  Located minutes from Delta, CO. For more information, please contact the Uncompahgre Field Office.","From Grand Junction, head southeast along US 50 to the town of Delta. Head north from town on St92 to its intersection with State Highway 65. Take State Highway 65 north to Fairview Road (on the left. ) Follow Fairview Road to the parking lots in the OHV area.","OFF HIGHWAY VEHICLE","Uncompahgre Field office 2465 South Townsend Avenue",16,0,0,0,0,0,0,0,0,0,0,0,0,0,0,0,0,0,1,0,0,0,0,0,0,0,0,"OHV",16,811,142,260,48
"95","North Desert ","North Fruita Desert","18 Road Trailhead","Loma","Colorado","81524",39.31006,-108.70579,"970-244-3000","The North Desert provides opportunities to participate in motorized OHV recreation (motorcycles, ATV, UTV, full-sized 4x4 vehicles) on a variety of routes designated for different uses that link the desert terrain on the north side of the Grand Valley from Grand Junction and Fruita to Rabbit Valley and the Utah Rims trails. There are multiple long-distance motorized loop opportunities. Travel is limited to designated trails.
","Multiple access points north of the Grand Valley.
","OFF HIGHWAY VEHICLE",NA,17,0,0,0,0,0,0,0,0,0,0,0,0,0,0,0,0,0,1,0,0,0,0,0,0,0,0,"Normal",17,429,67,50,8
"96","North Fruita Desert Campground ","2815 H Road",NA,"Grand Junction","Colorado","81506",39.334,-108.704,"970-244-3000","Overview
The North Fruita Desert campground is a mountain biker’s paradise with campsites situated at the heart of the famous ""18 Road"" trail system and within easy reach of the world-renowned Kokopelli Trail system.  Come to the North Fruita Desert for an active outing of riding and relaxing with family and friends.  Ride to the trails in just a few minutes from any of the campsites.  
The trail system and associated camping amenities provide great opportunities to experience the diverse desert terrain along the base of the Book Cliffs. Food, lodging and other amenities are available nearby in the City of Fruita. 
Your camping fees pay not only for campground maintenance and improvements, but also for trail construction and maintenance on the 18 Road trail system.
Recreation
The North Fruita Desert, also known as the 18 Road trail system, offers 33 miles of singletrack mountain bike trails along the base of the Book Cliffs, along with another 25 miles of mixed use singletrack in the Book Cliffs north of the campground.  The trails surrounding the campground provide a mix of fast and flowy to tight and technical riding opportunities  Easy access directly from your campsite makes riding from dawn to dusk a mountain biker's dream. The Edge Loop trails climb from the campground into the heart of the Book Cliffs Range, offering challenging long-distance loops and spectacular views of the Grand Valley and beyond. 

While mountain biking is the focus of this area, the North Fruita Desert Campground is within easy reach of hundreds of miles of routes for motorcycles, ATVs, side-by-sides and 4x4s in the desert country from the Utah-Colorado state line to Grand Junction.
Facilities
The campground is split into two distinct units – the Upper Campground and the Lower Campground. 
The Upper Campground contains 58 campsites, including two group sites (D9, D11), each with a fire ring, concrete picnic table and graveled parking spaces. The site size and parking capacity vary, so be sure to check site dimensions before making a reservation.  There are no constructed tent pads, but most sites have areas suitable for one or more tents. Vault toilets are within walking distance of the campsites. 
The Lower Campground contains 53 campsites, including one group site (G24), each with a fire ring, concrete picnic table, 12’ x 12’ tent pad and graveled parking spaces. Vault toilets are within walking distance of the campsites. The Lower Campground is integrated into an event staging area designed for hosting mountain bike and running events like races and festivals. During events, some campsites may be closed to accommodate event activities.
At both the upper and lower units there no water, electricity, or garbage collection service, so come prepared with plenty of water and trash bags. Additionally, campers will need to bring their own firewood, no firewood collection is allowed. Camping is limited to 14 days. Each individual site is limited to ten people and two vehicles. 
We try to have a volunteer campground host on site during the spring and fall seasons.  The host site is located at the north end of the upper campground.
Natural Features
The North Fruita Desert Campground is nestled among scattered juniper trees at the edge of the Book Cliffs mountain range which stretches for roughly 240 miles across eastern Utah and western Colorado, ending just north of Grand Junction. Steep sculpted slopes and sheer cliffs rise to the north of the campground.  The landscape slopes gradually to the south toward the Colorado River, forming the Grand Valley where the Colorado and Gunnison Rivers join at Grand Junction.

The campground offers expansive views of the distant San Juan and La Sal mountains, and the red rock canyon country of McInnis Canyons National Conservation Area and Colorado National Monument.  To the southeast lies Mount Garfield at the end of the Little Book Cliffs, and the western flanks of the 10,000 ft. Grand Mesa - the largest flat-topped mountain in the world. 

Vegetation here is sparse, with only occasional green-ups and wildflower blooms following wet weather.  Average annual precipitation is less than 10 inches. Temperature extremes range from below zero to 105 degrees Fahrenheit.  Temperatures are more moderate during the spring and fall. 

Contact Info
For facility specific information, please call (970) 244-3000.
Nearby Attractions
The North Fruita Desert Campground is just north of Fruita CO, which serves as a hub for outdoor recreation on nearby public lands including the red-rock canyons of Colorado National Monument, and the adjoining McInnis Canyons National Conservation Area (MCNCA) - home of the Kokopelli trail system, the Ruby-Horsethief section of the Colorado River, Black Ridge Canyons Wilderness and the Rabbit Valley recreation area. 
The Monument and NCAs along with the other public lands surrounding the Grand Valley - formed by the Colorado River flowing between Palisade to Loma - offer something for everyone, from scenic drives to hiking, horseback riding, biking, rafting, rock climbing, wildlife viewing, and off-roading.  The Grand Valley is also well-known for it's orchards, vineyards and wineries, and the distinct and vibrant communities of Palisade, Grand Junction, and Fruita.  
Charges & Cancellations
Changes may be made to your reservation until 24 hours before the reserved date.  A full refund, minus the $8 reservation fee, will be given if canceled 48 hours before the first reserved date. Please note, you cannot change your check-in date.  If you would like to change your check-in date, you will need to cancel your entire reservation and rebook.   
Refunds will not be given for undesirable weather or road conditions. 
","Take Interstate 70 west to Fruita (exit 19). Turn north onto Cherry Street and take the first right onto Aspen Avenue. Go through the roundabout and continue on Aspen to Maple Street. Take a left on Maple Street and then travel north. The street will turn into 17.5 Road. Take a right on N.3 Road and then a left on 18 Road. Travel approximately 7 miles on 18 Road to the trailhead, event area and lower campground. Continue 1.5 miles north to reach the upper campground loops. 
","CAMPING BIKING HIKING",NA,17,1,0,0,0,0,0,0,0,0,0,0,0,0,0,0,0,1,0,0,0,0,0,0,0,0,0,"Campground",17,5745,925,479,88
"97","North Sand Hills OHV Area ","Kremmling Field Office","2103 East Park Avenue","Kremmling","Colorado","80459",40.87415,-106.22282,"(970) 724-3000","Colorado's only open sand dune area for OHV recreation is situated at the eastern edge of North Park at the toe of the Medicine Bow Mountain Range. North Sand Hills provides unique riding opportunities for dirt bike, ATV, side- by-side and sand rail riders. Due to the area's extreme landscape, it is important to be prepared and alert when riding OHVs. The area also has connecting trails into the State Forest State Park and adjacent U.S. Forest Service lands, all while providing the scenic backdrop of the Park and Medicine Bow Mountain Ranges.

 A small campground of 13 individual pull-through units with picnic tables and fire rings and other dispersed camping sites are available within the area. Whip flags on vehicles are not required but are recommended. 

 The North Sand Hills Instant Study Area is adjacent within the OHV area. Colorado OHV registration is required on all non-licensed vehicles. The North Sand Hills ISA represents a Cold Climate Eolian sand deposit, which comprises three active dune areas in Colorado. The morphology here consists of two large, active parabolic dunes with small, internal dunes migrating up the windward slopes. Several archaeological sites have been discovered, increasing the historical and cultural values of the area. The area is very popular, especially on holiday weekends during the summer. The area is seasonally closed to motorized use from December 15 to April 15 annually. Drive safely and obey posted speed limits through camp areas. For more information, please contact the Kremmling Field Office. 
","The North Sand Hills OHV Area is located in Jackson County, approximately 11 miles northeast of Walden. From Walden, take Highway 125 north about 10 miles, then turn east on County Road 6. Continue about 3.5 miles, then turn right on county road 6N and go about 2 miles. Stage anywhere. the OHV Area is immediately adjacent to the ISA.","CAMPING OFF HIGHWAY VEHICLE","Kremmling Field Office 2103 East Park Avenue",9,1,0,0,0,0,0,0,0,0,0,0,0,0,0,0,0,0,1,0,0,0,0,0,0,0,0,"OHV",9,1562,252,335,60
"98","Oil Well Flats Rec Area ","Royal Gorge Field Office","3028 E. Main Street","Canon City","Colorado","81212",38.53657,-105.21895,"(719) 269-8500","Twelve miles of single-track trails invite trail users to Oil Well Flats with its spectacular views of the valley below and the Sangre De Cristo Mountain range in the distance. Some routes are shared with motorized travelers but most visitors come for mountain biking, dispersed camping, hiking, horseback riding and dog walking. The best time to visit is late September through May when temperatures are comfortable. Visitors share the area with cattle grazing in the meadows and occasionally wildlife and cattle walk the trails. Trailer parking is available in the second parking lot with vehicle parking at the first parking lot. Visitors are encouraged to use the suggested camping sites, marked with a camping symbol. A wet weather gate closes the area to motorized use during wet conditions. This gate location allows some parking for non-motorized trail users. For more information, please contact the Royal Gorge Field Office. ","LOCATION: 6.5 miles north of Canon City, Colorado.

From US Hwy 50 in Canon City, you can turn north at the Steinmeier traffic light (at Wal-Mart) or head North on Raynolds at the next traffic light. Travel north on either road as both will curve to the left and intersect Field Avenue. Turn north (right) on Field and travel on this two-lane road for about five miles. It will join Fremont County Road 9 (also called Red Canyon Road) at a ""Y"" intersection. From here, continue north for 3.5 miles to BLM road #5940 which will be on your right. Head up the steep grade to the parking area on your right. If you have a trailer, continue to the second parking area on the right.

","BIKING HIKING HORSEBACK RIDING","Royal Gorge Field Office 3028 E. Main Street",3,0,0,0,0,0,0,0,0,0,0,0,0,0,0,0,1,1,0,0,0,0,0,0,0,0,0,"Normal",3,935,150,678,128
"99","Orchard Boat Ramp ","Gunnison Gorge National Conservation Area","2505 South Townsend Avenue","Montrose","Colorado","81401",38.767196,-107.90205,"970-240-5300","Orchard Boat Launch is the last public boater take-out on the Gunnison River before Confluence Park in Delta. These are calmer waters, however boaters need to be aware of private lands and potential river hazards before floating the river downstream of the NCA. For more information, please contact the Gunnison Gorge NCA or Uncompahgre Field Office.","XXX","BOATING","Gunnison Gorge National Conservation Area 2505 South Townsend Avenue",16,0,0,0,0,0,0,0,0,0,0,0,0,0,0,1,0,0,0,0,0,0,0,0,0,0,0,"Boat Launch",16,350,57,3,1
"100","Peach Valley OHV Staging Area ","Gunnison Gorge National Conservation Area","2505 South Townsend Avenue","Montrose","Colorado","81401",38.59579,-107.89249,"970-240-5300","The Flat Top-Peach Valley OHV Recreation Area (9,700 acres) is managed by the Bureau of Land Management for responsible motorized recreation.  The area offers 2,500+ acres of designated open play areas and over 75 miles of multiple use trails.

Open Play Area Regulations

Off-route travel is allowed ONLY for ATVs and UTVs 50"" or less (dirt bikes, mountain bikes, horses and hikers can go off-route as well).  No full size vehicles are allowed off a road.
	Know the boundaries of the Open Play Areas by looking at a map at trailhead kiosks.
Other Regulations

Outside of the Open Area, riders must stay on signed, designated trails.  Riding off-trail is subject to a citation.
	Camping is allowed at the Peach Valley Staging Area for 7 days/6 nights.
	No open wood fires are allowed.  Use gas stoves or the provided grills with charcoal.
	Pack out all trash!
	All OHV users must have a valid Colorado State Parks OHV sticker visibly displayed on their equipment.  Registration fees support trail maintenance and funded the construction of the Skills Course at Peach Valley!
COTrex provides up-to-date trails information and georeferenced location as you explore the National Conservation Area.  Download it for free at: https://trails.colorado.gov/

Report Illegal Dumping by calling: 970-240-5300.




","From Olathe, Colorado travel 4.5 miles east on Falcon Road to the staging area.From Montrose: Head northwest out of town on N Townsend Ave/US-50 W approximately 9.2 miles to Falcon Rd. Turn east at Falcon Rd and follow approximately 3.8 miles where it curves slightly left into Peach Valley Rd. Continue approximately 0.7 miles to trail access.","CAMPING OFF HIGHWAY VEHICLE","Gunnison Gorge National Conservation Area 2505 South Townsend Avenue",16,1,0,0,0,0,0,0,0,0,0,0,0,0,0,0,0,0,1,0,0,0,0,0,0,0,0,"OHV",16,1304,215,344,59
"101","Penitente Canyon ","San Luis Valley Field Office","1313 E. Hwy 160","Monte Vista","Colorado","81144",37.84181,-106.28002,"719-852-7074","If technical rock climbing is your type of adventure, then Penitente Canyon may have what you want. The canyon is known for its nearly 300 world class technical rock climbing routes. South-facing routes can be climbed year-round within the Recreation Area. Numerous Trails are also available for your enjoyment within Penitente Canyon SRMA. Other attractions include trout fishing in La Garita Creek and primitive camping. For more information, please contact the San Luis Valley Field Office.","From Highway 285 turn west on County Road G, travel about 6 miles to La Garita follow County Road 38A until you see the Penitente Canyon turn off on your right, less than a mile. 

From Del Norte travel northwest on Highway 112 to road 38A turn north, stay on 38 A until you see signs for Penitente Canyon, about 8 miles.

 
 
 
 
 
 
 
","BIKING CLIMBING CAMPING FISHING HIKING HORSEBACK RIDING","San Luis Valley Field Office 1313 E. Hwy 160",15,1,0,0,0,0,0,0,0,0,0,0,0,0,1,0,1,1,0,0,0,0,1,0,0,0,0,"Normal",15,493,78,337,62
"102","Penitente Canyon Campground ","BLM San Luis Valley Field Office","1313 U.S. Hwy 160 E.","Monte Vista","Colorado","81144",37.84181,-106.28002,"719-852-7074","Overview
The canyonlands of Penitente Canyon offer a blend of peaceful surroundings and diverse recreation opportunities less than 10 miles from a major highway. Although the BLM manages the 4,552-acre Penitente Canyon primarily for rock climbers, the area also offers opportunities for heritage tourists, mountain bikers, hikers and equestrians.
Recreation
Penitente Canyon Recreation Area is a destination known for its world-class sport rock-climbing routes and its extensive singletrack trail system, mainly used by mountain bikers and hikers.  The area is rich in both natural and cultural history, making it ideal for heritage tourists interested in the Old Spanish Trail and early American frontiersmen, as well as wildlife watchers and photographers. 

•	Standard Nonelectric
•	Rv Nonelectric
•	Group Tent Only Area Nonelectric
•	Overnight


Facilities
•	Road signs from highway to Recreation Area.
•	Improved gravel roads in Recreation Area (no pavement).
•	Public drinking water system (available May-Oct).
•	5 vault (or pit-type) toilets.
•	Trash bins throughout campground and day-use areas.
•	15 Individual sites (3 Tent Only and 12 RV/Tent), 2 Group Tent sites, 1 CG Host site, 1 Group Picnic Shelter site.
•	Standard campground amenities-table, tent pads, fire ring, food storage locker, parking.
•	Interpretive, informational, and directional signs.
•	Trailhead and overflow parking areas.
•	Foot, horse, and mountain bike trails.
•	All facilities open year-round.
•	Cell phone service is spotty in canyons.


Natural Features
Geology

The rocks in Penitente Canyon are remnants of up to 18 volcanic eruptions that took place in the San Juan Volcanic Field between 20 and 30 million years ago. The largest of these eruptions spewed 1,000 cubic miles of ash 27.8 million years ago, creating a huge underground chamber. Rocks overlying the chamber collapsed to create the La Garita Caldera.

History

Ancestors of the Utes, Jicarilla Apaches and Puebloans have all left evidence of time spent hunting and camping here, along with explorers and trappers. The valley’s first settlers were Hispanic farmers and sheepherders who migrated from northern New Mexico. 

Native Americans left scattered pictographs (painted rock art) throughout these Canyonlands (the largest concentration in the San Luis Valley). Please leave all rock art as you find it. Do not touch, walk on, climb on, or disturb it in any way.



Nearby Attractions
•	USFS-Rio Grande National Forest and Natural Arch.
•	BLM-Elephant Rocks Recreation Area.
•	La Garita Trading Post-food, gas, and small store.
•	Town of Del Norte

Campgrounds Nearby
•	USFS-Rio Grande National Forest – Poso CG, Storm King CG

","From U.S. 285, turn west onto Saguache County Road G. After 6 miles you will pass the La Garita Trading Post. Go another 0.5 miles to a Y intersection; take the left fork (County Road 38A). The entrance to the recreation area is another 0.5 miles, on your right.  Elevation = 7,930 ft.
","BACKPACKING BIKING BIRDING CAMPING CLIMBING DAY USE AREA CULTURAL ACTIVITIES ENVIRONMENTAL EDUCATION HISTORIC & CULTURAL SITE HIKING INFORMATION SITE MOUNTAIN BIKING MOUNTAIN CLIMBING PHOTOGRAPHY PICNICKING ROCK CLIMBING SCENIC DRIVE WILDLIFE VIEWING","BLM San Luis Valley Field Office 1313 U.S. Hwy 160 E.",15,1,0,1,0,1,0,0,0,0,1,1,0,1,0,0,0,1,0,0,0,1,1,0,0,1,1,"Campground",15,2686,407,286,52
"103","Penrose Common Rec Site ","Royal Gorge Field Office","3028 E. Main Street","Canon City","Colorado","81212",38.49102,-105.03179,"(719) 269-8500","Penrose Commons Recreation Area offers a warm, arid climate among pinon and juniper woodlands. The best time to visit is September through May when temperatures are comfortable and the snowy peaks of the Sangre De Cristo mountain range are visible in the distance. With 30 miles of motorized trail, the area is popular for ATVs, motorcycles and four wheeling. Independence Trail system is known for its extreme 4x4 rock crawling opportunities with easy access for spectators to enjoy the trail activity. Penrose Commons is also popular for horseback riding, hunting and dispersed camping. The area has a restroom, trail map information and ample parking space for trailers. A wet weather gate closes the area to motorized use during wet conditions. For more information, please contact the Royal Gorge Field Office. ","Located: 10 miles east of Cañon City, Colorado, off of CO Hwy 115. From US Hwy 50 turn north on CO Hwy 115 at Penrose, drive 2.3 miles; turn west (left if coming from the south) on 3rd Street (CR 123, look for Brush Hollow reservoir sign), and drive for 0.3 miles; turn north (right) on E Street (CR 127) and drive 3 miles to the parking area.","CAMPING OFF HIGHWAY VEHICLE","Royal Gorge Field Office 3028 E. Main Street",3,1,0,0,0,0,0,0,0,0,0,0,0,0,0,0,0,0,1,0,0,0,0,0,0,0,0,"Recreation Site",3,816,130,343,68
"104","Piceance-East Douglas HMA ","White River Field Office","220 East Market Street","Meeker","Colorado","81641",40.05664,-108.29962,"(970) 878-3842","This 190,000-acre location is host to numerous activities on the public land from mining to oil drilling to livestock grazing.  Of particular note is the herd of wild horses, which gives the area its special designation.  

Horses within the HMA are similar in size and temperament to quarter horses, and some resemble workhorses.  Typical colors are bay, gray, sorrel and black. A few horses are also other colors like roan and buckskin.  To ensure that future generations can enjoy these majestic animals, the herd’s size is kept between 135 and 235 animals following current best management practices.  

In addition to the wild horses, there are numerous opportunities to view other local wildlife including pronghorn, mule deer, elk, badger, snowshoe hare and various upland bird species.","From Rifle CO, follow Highway 13 to Piceance Creek Rd (CR-5).  Follow CR-5 until you reach Ryan Gulch Road (#24).","WILDLIFE VIEWING","White River Field Office 220 East Market Street",13,0,0,0,0,0,0,0,0,0,0,0,0,1,0,0,0,0,0,0,0,0,0,0,0,0,0,"HMA",13,793,126,113,22
"105","Pinball Access Boat Launch ","Colorado River Valley Field Office","2300 River Frontage Road","Silt","Colorado","81652",39.84193,-106.94165,"(970) 876-9000","Pinball Recreation Site includes two separate sites.  Pinball River Access and Pinball Recreation Site.  Pinball River Access does not have any facilities besides a boat ramp and parking is very limited.  Pinball Recreation site has a vault toilet and a large parking area.  For more information, please contact the Colorado Field Office.","Take I-70 to Dotsero exit 133 go through roundabout north on Colorado River Road.  Continue on the Colorado River Road for twenty (20) miles.  The Pinball Recreation Area will be on the right.  The Pinball River Access is .6 miles down stream of the Pinball Recreation Site.","BOATING","Colorado River Valley Field Office 2300 River Frontage Road",11,0,0,0,0,0,0,0,0,0,0,0,0,0,0,1,0,0,0,0,0,0,0,0,0,0,0,"Boat Launch",11,338,52,274,48
"106","Pollock Bench Trailhead ","Pollock Bench Trailhead",NA,"Fruita","Colorado","81521",39.155,-108.779,"970-244-3000","Pollock Bench Trailhead offers exceptional hiking and horseback riding opportunities in a landscape of colorful intricate cliffs and deep canyons that tell a story shaped by shallow seas, a meandering river systems, and ongoing uplift and erosion. There are many trail options and distances to choose from. The majority of trails out of Pollock Bench Trailhead access the Black Ridge Canyons Wilderness.                                                                                                                                                       Please stay on designated trails. The National Conservation Area serves as an outdoor museum of the life and people that came before us. Paleontological (dinosaurs) and cultural sites help us understand our past.  Please to not remove any materials - help protect your heritage. Enjoy rock art but please do not touch (oils from your hands contribute to deterioration).                               
For a map visit: https://www.coloradocanyonsassociation.org/maps-ncinnis-canyons/","From Grand Junction take I-70 west to Fruita (exit 19). Turn left and travel 1.5 miles to Kingsview Road and turn right. Stay on the main road and travel approximately 2.5 miles to the trailhead.","HIKING HORSEBACK RIDING WILDERNESS PHOTOGRAPHY",NA,17,0,0,0,0,0,0,0,0,0,0,0,0,0,0,0,1,1,0,0,0,1,0,0,1,0,0,"Trail",17,1036,129,195,36
"107","Powderhorn Wilderness Area ","Gunnison Field Office ","210 West Spencer Avenue","Gunnison ","Colorado","81230",38.135912,-107.146013,"970-642-4940","The Powderhorn Wilderness now contains a total of 62,050 acres and is managed by the Bureau of Land Management and the Forest Service. All of the Wilderness is in the state of Colorado. In 1993 the Powderhorn Wilderness became part of the now over 109 million acre National Wilderness Preservation System. In wilderness, you can enjoy challenging recreational activities and extraordinary opportunities for solitude. In an age of ""...increasing population, accompanied by expanding settlement and growing mechanization,..."" you play an important role in helping to ""...secure for the American people of present and future generations the benefits of an enduring resource of wilderness"" as called for by Congress in the Wilderness Act of 1964. Please follow the regulations in place for this area, and use Leave No Trace techniques when visiting to ensure protection of its unique natural and experiential qualities.How to follow the seven standard Leave No Trace principles differs in different parts of the country (desert vs. Rocky Mountains). Click on any of the principles listed below to learn more about how they apply.Leave No Trace principles:Plan Ahead and PrepareTravel and Camp on Durable SurfacesDispose of Waste ProperlyLeave What You FindMinimize Campfire ImpactsRespect WildlifeBe Considerate of Other VisitorsRegulations:Motorized equipment and equipment used for mechanical transport are generally prohibited on all federal lands designated as wilderness. This includes the use of motor vehicles (including OHVs), motorboats, motorized equipment, bicycles, hang gliders, wagons, carts, portage wheels, and the landing of aircraft including helicopters, unless provided for in specific legislation. In a few areas some exceptions allowing the use of motorized equipment or mechanical transport are described in the special regulations in effect for a specific area. Click here for additional regulations or contact the agency.Contact Information:GUNNISON RANGER DISTRICT216 N Colorado StreetGunnison, CO 81230Phone: 970-641-0471BLM GUNNISON FIELD OFFICE650 S. 11th Street.Gunnison, CO 81230Phone:970-642-4940Office hours:  8 AM to 4 PM M-F","From Salida, CO to Gunnison Field Office 
1).Turn right onto US-50 W/?W Rainbow Blvd. Continue to follow US-50 W 3.9 miles 
2). Turn right onto US-285 N/?US-50 W (signs for Gunnison/Buena Vista/Leadville) Continue to follow US-50 W. 60.4 miles
3). Turn left onto 11th St. Destination will be on the left 0.4 miles
","WILDERNESS","Gunnison Field Office  210 West Spencer Avenue",18,0,0,0,0,0,0,0,0,0,0,0,0,0,0,0,0,0,0,0,0,0,0,0,1,0,0,"Wilderness",18,2155,318,314,63
"108","Powers Fishing Access ","Kremmling Field Office","2103 East park Avenue","Kremmling","Colorado","80459",40.0662,-106.23095,"970-724-3000","Powers Fishing access site is a small BLM facility located on the Colorado River between the communities of Kremmling on the west and Parshall on the east. There are no facilities other than a parking lot for access to a public segment of the Colorado River. BLM-administered Public Lands are highly intermixed with private land along this stretch of the Colorado River. Be aware of public/private land boundaries to avoid legal action for trespassing.","From the town of Kremmling drive east on Highway 40 approximately 7.5 miles. The turn to the parking lot is on the right side of the road and is signed.","FISHING","Kremmling Field Office 2103 East park Avenue",20,0,0,0,0,0,0,0,0,0,0,0,0,0,1,0,0,0,0,0,0,0,0,0,0,0,0,"Fishing Access",20,452,76,152,30
"109","Pumphouse Recreation Area ","Pumphouse Recreation Area","Grand County Road 106","Bond","Colorado","80423",39.98727778,-106.50846667,"970-724-3000","Overview
Managed by Kremmling Field Office  The Pumphouse Recreation Area is part of the Upper Colorado River Special Recreation Management Area (SRMA), providing opportunities for developed camping, river access and access to hiking trails. With over 100,000 annual visitors the sites facilities include 3 developed boat ramp sites, 12 vault toilets, day use and overnight parking, 18 Single Campsites and 2 Group Campsites. The campground has a seasonal potable water system that may be in operation between mid-April to mid-November (not available for trailer hookups or filling of Recreational Vehicle and Travel Trailer filling).Recreation
Pumphouse Recreation Area is the most heavily used access point for the Upper Colorado River between Kremmling and State Bridge. Those floating downriver access calm flat water to Class III whitewater rapids.The Gore Canyon Whitewater Playpark is located just above Boat Ramp #2 and provides a manmade wave that is popular for kayakers, stand up paddle boarders and other small watercraft. It is also an exciting splash feature for watercraft coming downriver from Boat Ramp #1.Hiking opportunities accessed from the Pumphouse Recreation Area provide ample access for wade fishing and exploring along the Colorado River. The Gore Canyon Trail is open to foot travel only providing access upriver for 1.5 miles. Keep an eye out for the historic retaining walls holding the trail in place that early surveyors of Gore Canyon and homesteaders developed to access this area of the river for finding a railroad route and efforts to divert water for irrigation. The Gore Canyon Ranch Trail is open to foot travel only and provides access downriver for 1.25 miles connecting to the Gore Canyon Ranch Trailhead and Parking Area. This undeveloped area was the site of a homestead ranch and acquired by the BLM to improve and expand public recreation and access, provide educational opportunities on the area’s history, wildlife and responsible recreation opportunities and restore habitat for wildlife. The historic Argentine Trail is open to foot travel only and is accessed from the Gore Canyon Ranch Trail. This trail is not for the lighthearted as it has steep drop offs as much of the trails was blasted into the cliffs of Hartman Canyon allowing access for surveyors and mule trains. Those floating down stream can see this trail high up the canyon wall on river left. Facilities
Each campsite must be reserved through Recreation.gov and has varying space for parking (see parking size limitations for each campsite before completing your reservation), a picnic table, a fire ring, and close proximity to a vault toilet and trash receptacles. For campsites 1-8, driveway parking is 35 feet or less in length and is back-in/pull-in. Additional vehicles may park along the roadway adjacent to the campsite if space allows or must park in the general parking areas. Camping within vehicles outside of the assigned campsite driveway is not permitted. Campsites 9-18 are parallel parking and typically have space for two vehicles and small trailers. Additional vehicles must park in the campground overflow parking across from Group Campsite A. Potable water may be available May - October. However, do not rely on this as the water source for your trip's needs as it is not always operational. There are no electric hook-ups and cell service is non-existent without a booster. There are three boat ramps with restrooms. Boat Ramp #2 adjacent to the Gore Canyon Whitewater Play Park is a boat slide with steps. Boat ramps have electricity.Natural Features
The Pumphouse Recreation Area is adjacent to the Colorado River between Gore Canyon and Hartman Canyon. The scenery within the area is a major component to the adjacent Colorado Headwaters National Scenic and Historic Byway and are important features that make this stretch of river Wild and Scenic Eligible.

Nearby Attractions
The town of Kremmling, CO is approximately 15 miles east of Pumphouse Recreation Area where visitors can get supplies.Rancho Del Rio – a private resort along the Colorado river, has a small store with supplies and is a river access point for those recreating on the river. Rancho Del Rio is located approximately 10 miles west along Trough Road.Trough Road, which accesses the BLM Recreation Areas and Rancho Del Rio (private river access – fee site) is the Colorado Headwaters National Scenic and Historic Byway. Originating just east of Grand Lake on Highway 34, the byway ends at State Bridge. ",NA,"CAMPING FISHING NON-MOTORIZED BOATING RAFTING PADDLING PADDLE BOATING SCENIC DRIVE WATER ACCESS HIKING","Pumphouse Recreation Area Grand County Road 106",20,1,0,0,1,0,1,1,1,0,0,0,0,0,1,1,0,1,0,0,0,0,0,0,0,0,0,"Normal",20,4519,731,NA,NA
"110","Rabbit Valley Trail Through Time and Mygatt‑Moore Quarry ","Grand Junction Field Office","2815 H Road","Grand Junction","Colorado","81506",39.18943,-109.00048,"(970) 244-3000","The Rabbit Valley Trail Through Time begins at the Mygatt‑Moore Quarry, where visitors can view active dinosaur fossil excavations during certain times of the year. The quarry is accessible and family-friendly, with detailed interpretive panels that explain the science of the site – even when excavations are not underway. Paleontologists sometimes lead community tours and digs at the quarry – contact Western Colorado’s Dinosaur Journey Museum for details.For those who want to explore further, a 1.5‑mile loop trail extends beyond the quarry into classic high‑desert terrain with juniper and sagebrush. Along the trail, additional interpretive signs highlight in‑place dinosaur bones, fossilized plants, and panoramic views of Rabbit Valley.  This site is celebrated for its paleontological richness. Fossils preserved here include bones from sauropods such as Diplodocus, Camarasaurus, and Apatosaurus, armored dinosaurs like Mymoorapelta, and predators such as Allosaurus. Plant fossils, including carbonized wood and cycads, also appear in the mudstone, which formed in a seasonal watering-hole environment that alternated between muddy pools and harsh desert during the Jurassic period. Interpretive panels explain excavation techniques, fossilization processes, and the importance of protecting this Area of Critical Environmental Concern.Hours and SeasonsOpen year-round.  Features and ServicesFacilities: The trail has interpretive signs, benches, and shaded kiosks.Access and Parking: The gravel parking lot near the trailhead accommodates cars and small trailers.Cell Service: Limited or intermittent.Toilets: Pit toilets are available at the parking lot.Drinking Water: There is no potable water—please bring your own.Pets: Allowed on leash.Camping: The trailhead and trail are day-use only. Established BLM campgrounds are available just to the south in Rabbit Valley. Dispersed camping is also allowed in the surrounding area – please check local regulations in advance, follow guidance on posted signs, and respect private property.Nearby Amenities: Fruita and Grand Junction offer full services including lodging, gas, food, and medical facilities. Respect and ProtectDinosaur fossils are protected; viewing and photography are welcome, but removing, casting, or defacing vertebrate fossils is prohibited. By practicing responsible outdoor ethics, you help ensure future visitors can enjoy this remarkable site.","From Interstate 70, take Exit 2 (Rabbit Valley). Turn north and follow the signs for the Trail Through Time parking area, located just off the frontage road.","HIKING HISTORIC & CULTURAL SITE","Grand Junction Field Office 2815 H Road",6,0,0,0,0,0,0,0,0,0,0,0,0,0,0,0,0,1,0,0,0,0,0,0,0,0,0,"Trail",6,2429,340,157,27
"111","Rabbits Ear Trailhead ","McInnis Canyon National Conservation Area","2815 H road","Grand Junction ","Colorado","81506",39.211,-108.955,"970-244-3000","Rabbit's Ear Trail is located in Rabbit Valley within the McInnis Canyons National Conservation Area. This 5.6 mile loop climbs 700 feet to an impressive vista of the Colorado River and the Grand Mesa to the LaSal Mountains in Utah. This trail is open to hiking only.  For a map of Rabbit Valley, visit https://www.coloradocanyonsassociation.org/maps-ncinnis-canyons/","From Grand Junction, travel west on I-70 to Rabbit Valley (exit 2). Take a left, go over the interstate, and continue straight into the National Conservation Area. Travel on the dirt road and take a left at the first intersection. The trailhead will be on the right after approximately 4.3 miles.","HIKING","McInnis Canyon National Conservation Area 2815 H road",17,0,0,0,0,0,0,0,0,0,0,0,0,0,0,0,0,1,0,0,0,0,0,0,0,0,0,"Trail",17,367,59,296,52
"112","Radium Recreation Area ","Radium Recreation Area","County Road 11","Bond","Colorado","80423",39.95136,-106.55598,"970-724-3000","Overview
Managed By Kremmling Field Office 

The Radium Recreation Area is part of the Upper Colorado River Special Recreation Management Area (SRMA), providing opportunities for developed camping and river access. With over 100,000 annual visitors the sites facilities include 2 developed boat ramp sites, 9 vault toilets, day use and overnight parking, 16 single campsites and 2 Group Campsites and 3 day use shade structures. There is no potable water provided at this area. The area is used by visitors to access the river for floatboating and fishing opportunities.  

Recreation
Recreation opportunities include river access for fishing and floatboating. On-site picnic shelters provide visitors with opportunities to a covered area for relaxing and picnicking.

Note – Radium Warm Springs Access: 
There are no designated trails from this area and there is no designated access to the Radium Warm Springs. Parking is not permitted along the narrow Radium Road between the Radium Recreation Area and Trough Road to ensure safe passage of vehicles and ensure clear passage for Emergency Vehicles when needed. Please respect the social trail closures and restoration conducted on BLM managed lands along Radium Road that protect area wildlife habitat including area Big Horn Sheep. 

The Colorado Parks and Wildlife Mugrage Site along Radium Road, including the restroom and social trail that accessed the Radium Warm Springs within the Radium State Wildlife Area, is closed for the protection of this important habitat. 

The BLM is looking at a potential future designated and developed trail from the Radium Recreation Area. 

Until a trail alignment along Radium Road is developed it is recommended that the easiest and safest way to access the Radium Warm Springs from Radium Recreation Area is to drive to Warm Springs Road 1.5 northeast along Trough Road. Follow the directional sign located at the intersection of Radium Road and Trough Road. A parking area and trailhead at the end of Warm Springs Road provides access to the Radium Warm Springs via the Warm Springs Trail open to foot travel only, or the Ol’ Warm Springs Trail which is open to Foot, Horse, Bicycle and eBike travel. 

Facilities
Each campsite must be reserved through Recreation.gov and has varying space for parking (see parking size limitations before completing your reservation), a picnic table, a fire ring, and close proximity to a vault toilet and trash receptacles. Campsites 1-4 are walk-in sites and have parking for one vehicle without a trailer.  Campsites 5-13 have pull through parking areas and can typically fit one to two vehicles and small trailers. Campsites 14-16 have pull in parking and is 30 feet in length or less.  Additional vehicles not fitting within a campsite's designated parking must park in the general parking areas.
There are no electric hook-ups and cell service non-existent without a booster.
There are two boat ramps with restrooms. 
Natural Features
The Radium Recreation Area is adjacent to the Colorado River next to the small town of Radium. The scenery within the area is a major component to the adjacent Colorado Headwaters National Scenic and Historic Byway and are important features that make this stretch of river Wild and Scenic Eligible.

Nearby Attractions
The town of Kremmling, CO is approximately 20 miles east from Radium Recreation Area where visitors can get supplies.

Rancho Del Rio – a private resort along the Colorado river, has a small store with supplies and is a river access point for those recreating on the river. Rancho Del Rio is located approximately 6 miles west along Trough Road.

Trough Road, which accesses the BLM Recreation Areas and Rancho Del Rio (private river access – fee site) is the Colorado Headwaters National Scenic and Historic Byway. Originating just east of Grand Lake on Highway 34, the byway ends at State Bridge. 

",NA,"PICNICKING RAFTING WATER ACCESS WHITEWATER RAFTING CAMPING DAY USE AREA FISHING PADDLE BOATING","Radium Recreation Area County Road 11",20,1,0,0,0,1,1,1,1,1,0,0,0,0,1,1,0,0,0,0,0,0,0,0,0,0,1,"Normal",20,3893,629,NA,NA
"113","Rangely Rock Crawling Park ","White River Field Office","220 E. Market Street","Meeker","Colorado","81641",40.067724,-108.821892,"970-878-3800","Just a few miles southwest of the town of Rangely is the only designated natural rock crawling park in the state of Colorado. With more than 560 acres of natural terrain designated by the Bureau of Land Management as a four-wheel drive park. Entrance to the park is free. Rock crawling and four-wheel drive enthusiasts can take on trails like the Megasaurus, Chain Break, Poison Ivy and Willy?s Way. The park consists of one main trail with the park broken up into four sections. Trails range from easy to extreme.Two events are held annually. For information and a map of the trails go to www.rangelyrockcrawlers.com or contact the BLM. For more information, please contact the White River Field Office.","From the Town of Rangely, CO there are two entrances. The western entrance is reached by traveling from State Highway 64 to River Rd, which is by the Loaf N Jug Gas Station. Travel on River Rd, which becomes County Road 2 for approx. 2.75 miles. Turn left onto BLM Road 1072. There is a kiosk with information about the park just off the road and a parking area. The eastern entrance is reached by traveling south off State Highway 64 onto White Ave. at the only stop light in town. Travel on White Ave, which become County Road 23 for approx. 1.25 miles. Turn right just after the Elks Club Shooting Range on the left.","OFF HIGHWAY VEHICLE","White River Field Office 220 E. Market Street",23,0,0,0,0,0,0,0,0,0,0,0,0,0,0,0,0,0,1,0,0,0,0,0,0,0,0,"Normal",23,704,122,619,116
"114","Rattlesnake/Mee Canyons  ","Bureau of Land Management","Grand Junction Field Office","Grand Junction","Colorado","81506",39.107,-108.838,"970-244-3000","Rattlesnake and Mee Canyon provide outstanding opportunities for solitude and primitive recreation. Geologic features in this area include arches, spires, windows, giant alcoves and desert patina. Between these canyons are pinon-juniper covered mesas which slope downward to the Colorado River.  RATTLESNAKE ARCHES: A short section connecting the top of the mesa to the bench below the arches is rocky and steep and requires extra caution - it is not recommended. From the trailhead travel 0.5 miles to an intersection. To the left takes you to an area where you can view the arches from above. To the right takes you to the Lower Arches Trail, which is 5 miles round trip (out and back). In 0.2 miles the trail splits - to the right goes to Pollock Bench Trailhead; stay to the left for the arches trail. Camping is NOT permitted within 1/4 mile of the Rattlesnake Arches Loop and along the access road to the trailhead.  MEE CANYON: The trail into Mee Canyon is primitive and only marked with rock cairns.
 The route steeply descends sandstone layers with exposed cliffs. Camping is NOT permitted at the Mee Canyon Alcove. Leave No Trace principles:Plan Ahead and PrepareTravel and Camp on Durable SurfacesDispose of Waste ProperlyLeave What You FindMinimize Campfire ImpactsRespect WildlifeBe Considerate of Other Visitors","From Grand Junction take I-70 west to Fruita (#19). Turn left at the off ramp and follow the signs to Colorado National Monument. Enter the Monument and travel 11 miles to the Glade Park turn off at 16.5 Road on the right. Go 0.2 miles to Black Ridge Access Road on the right (there will be a kiosk and signage for McInnis Canyons National Conservation Area). It is 13 miles to the trailhead. CAUTION: a high clearance vehicle is mandatory and 4-wheel drive is highly recommended. The last 2 miles is very rough. The roads are impassable when wet. Weather permitting: The upper access road is open from April 15 to August 14. The lower road is open from August 15 to February 14. Motorized travel is prohibited from February 15 - April 15. IMPORTANT: the trailhead and trail are day use only. Overnight camping is prohibited. POLLOCK BENCH TRAILHEAD: Rattlesnake Arches can also be accessed from Pollock Bench Trailhead, which is 15 miles round trip (including the lower Rattlesnake Arches Trail).","HIKING PHOTOGRAPHY","Bureau of Land Management Grand Junction Field Office",17,0,0,0,0,0,0,0,0,0,0,0,0,0,0,0,0,1,0,0,0,1,0,0,0,0,0,"Normal",17,1325,216,997,173
"115","Red Hill ","Colorado River Valley Field Office ","2300 River Frontage Road","Silt","Colorado","81652",39.424,-107.227,"970-876-9000","The Red Hill Special Recreation Management Area that sits just north of Carbondale and provides excellent trails for users to enjoy.  The area is managed primarily for mountain biking and hiking with both groups represented well in user numbers.  Use is relatively heavy topping 40,000 people per year.  There are beautiful views of Mt. Sopris from the Mushroom Rock area.  Red Hill is a red-rock landscape of numerous trails.  The area offers views of both the Crystal River Valley and Roaring Fork Valley. Parking is very limited and may not be available.  Parking is not permitted on the county road.  For more information, please contact the Colorado River Valley Field Office.","Turn north at the stoplight at the intersection of Highway 82 and Highway 133.  Follow Red Hill Road (County Road 107) till you reach a large parking lot.  This parking lot serves as a commuter parking lot as well during weekdays, so be aware that it can fill up. Head north up the dirt road (County Road 107) from the parking lot.  The trail head is about 1/3 mile up and is clearly marked with a map kiosk on the left (west) side of the road.","BIKING HIKING","Colorado River Valley Field Office  2300 River Frontage Road",22,0,0,0,0,0,0,0,0,0,0,0,0,0,0,0,0,1,0,0,0,0,0,0,0,0,0,"Normal",22,681,112,444,87
"116","Reeder Creek ","Kremmling Field Office ","2103 East Park Avenue","Kremmling ","Colorado","80459",40.04973,-106.27492,"970-724-3000","The segment of the river from Granby to Kremmling is very popular for fishing and a portion has been designated as Gold Medal Water by the Colorado Division of Wildlife (CDOW). Reeder Creek is located 5 miles east on County Road 33 Facilities include a parking area.  The hike down to the river is 3/4 of a mile, bring sunscreen and water.  River access is about 1/2 mile long.","From HWY 40 turn left onto CO.RD. 39 and in 1-mile turn left onto CO. RD. 33 and continue 1 mile to parking area on left.","FISHING","Kremmling Field Office  2103 East Park Avenue",20,0,0,0,0,0,0,0,0,0,0,0,0,0,1,0,0,0,0,0,0,0,0,0,0,0,0,"Normal",20,377,71,121,27
"117","Ridgway Trail System ","Uncompahgre Field Office","2465 South Townsend Avenue","Montrose","Colorado","81401",38.173841,-107.732632,"970-240-5300","Located just outside of Ridgway, Colorado, the Ridgway Trail System has evolved into a wonderful renewed resource for non-motorized trail users. The trail system is directly adjacent to the Ridgway State Park and encompasses over 20 miles of great single track trails with excellent views of the Ridgway Reservoir and San Juan Mountains. The trails offer a range of experience level - expert, intermediate, and beginner. For more information, please contact the Uncompahgre Field Office.","To access the RAT Trailhead, you take Colorado Hwy 550 north from Ridgway, CO and turn west onto Ouray County Road 10.","BIKING HIKING","Uncompahgre Field Office 2465 South Townsend Avenue",16,0,0,0,0,0,0,0,0,0,0,0,0,0,0,0,0,1,0,0,0,0,0,0,0,0,0,"Trail",16,487,75,118,22
"118","Rimrocker Trailhead ","Uncompahgre Field Office ","2465 South Townsend Avenue","Montrose ","Colorado","81401",38.430554,-107.985276,"970-240-5300","The Rimrocker Trail is a newly connected trail that allows you to enjoy 160 miles of off-pavement travel while experiencing the many different stunning landscapes that connect Montrose, Colorado to Moab, Utah. The roads on the eastern half are graded gravel roads that are two vehicles wide and would easily be traveled in a family sedan. It would be a fantastic destination to travel through the aspens during their fall color changes as well as stopping for the fantastic views at the overlooks. 

Spanning a distance of 160 miles, the Rimrocker Trail provides 4WD, OHV and bicycle access through some of the West's most stunning scenery. Visitors are immersed in natural beauty as the trail guides them through a landscape of redrock canyons, winding rivers, desert vistas and alpine forests. Whether you travel the whole route or just a portion, the experience will stay with you for a lifetime.The Rimrocker Trail is well signed for its entire length, and an excellent paper map of the route is available from the Montrose Visitor Center, the Visitor Center in Naturita, and several other locations. Please call 970-252-4505 with questions on the Rimrocker Rally. For more information, please contact the Uncompahgre Field Office.

Travel Tips:1.The trail is well marked with sign posts. A GPS comes in handy a few times. 
2.Maps and an informational brochure can be picked up at the visitors’ center in Montrose or Naturita. 
3.The entire trail usually opens by June depending on snowpack. 
4.Best time to travel would be early summer for wildflower viewing or during the fall colors. 
5.The trail is suitable for stock high-clearance 4x4 vehicles with good tires.
","From the intersection of the West Main Street and Townsend Avenue, travel SW on West Main Street which will turn into Colorado 90 for 7-1/2 miles until reaching the three way intersection with Shavano Valley  Road to the north and 90 Road to the South. This intersection is the official start of the Rimrocker Trail. There is no parking lot or area to safely assemble a group at this intersections but if you proceed another half mile down the trail there are some dirt pull off areas that could be used.","BIKING OFF HIGHWAY VEHICLE","Uncompahgre Field Office  2465 South Townsend Avenue",16,0,0,0,0,0,0,0,0,0,0,0,0,0,0,0,0,0,1,0,0,0,0,0,0,0,0,"Trail",16,1671,282,504,93
"119","Rio Grande River SRMA ","San Luis Valley Field Office","1313 E. Highway 160","Monte Vista ","Colorado","81144",37.07889,-105.756,"719-852-7074","Rio Grande Recreation Area features a meandering river flowing south to the Colorado-New Mexico border. Excellent fishing opportunities exist in this scenic canyon, and the shallow gradient of the Rio Grande is ideal for those who prefer flatwater rafting. Though a roadside boat launch is available, visitors should be aware that a canyon hike is required to avoid challenging whitewater rapids where the river enters New Mexico.

Those looking for a great flatwater rafting experience will enjoy Rio Grande Recreation/Natural Area. Visitors can enjoy more challenging rapids near the Colorado-New Mexico border, or these can be bypassed by hiking through the canyon. For more information, please contact the San Luis Valley Field Office.
","From Alamosa, travel south on US-285. At Romeo, turn left onto Highway 142. North of Highway 142: turn left onto U Road and bear right at the fork to continue onto County Road 28. Turn right onto Z road and continue to the bridge put-in. South of Colorado 142: just after crossing the river, turn right onto Rio Grande Avenue.","FISHING HIKING WATER SPORTS WILDLIFE VIEWING","San Luis Valley Field Office 1313 E. Highway 160",15,0,1,0,0,0,0,0,0,0,0,0,0,1,1,0,0,1,0,0,0,0,0,0,0,0,0,"SRMA",15,740,116,326,62
"120","Roan Plateau - Hubbard Mesa ","Colorado River Valley Field Office","2300 River Frontage Road","Silt","Colorado","81652",39.57527,-107.81227,"970-876-9000","Hubbard Mesa is a BLM designated area for Off-Highway-Vehicle use. Hubbard Mesa was designated as an Open Area in 2007 in the Roan Plateau Management Plan. It offers 2,460 acres with 50 miles of single track, ATV and Jeep trails. This is a high use area primarily for OHV's but also receives use from non-motorized users, and target shooting.  Users can enjoy a variety of terrain and difficulty levels within the designated OHV area. Cross country travel is not permitted outside the Open Area. Target shooters must ensure that they have a safe backstop and remove all target trash.  Livestock grazing is permitted in the area.  Do not approach livestock or protection dogs. OHV users must yield the right-of-way to pedestrian and horseback riders. There is a parking area with restrooms, picnic tables, and loading structures.  There is also a training course for children.  The Rifle Arch Trail is located near Hubbard Mesa OHV Area. For more information, please contact the Colorado River Valley Field Office.","From I-70 take exit 90 and go north.  Take a left onto Highway 6 also known as Centennial Pkwy.  Turn right on Truck Route Highway 13.  Turn left onto Fravert Reservoir Road (County Road 244).  Go 1.9 Miles to the open OHV area.  Stay to the right one mile to access parking area.","OFF HIGHWAY VEHICLE","Colorado River Valley Field Office 2300 River Frontage Road",22,0,0,0,0,0,0,0,0,0,0,0,0,0,0,0,0,0,1,0,0,0,0,0,0,0,0,"Normal",22,1013,171,280,54
"121","Roan Plateau - JQS Creek Cross ","Colorado River Valley Field Office ","2300 River Frontage Road ","Silt ","Colorado","81652",39.57492,-107.81221,"970-876-9000","The Roan Plateau overlooks the Colorado River Valley, and provides exceptional opportunities for recreation including hiking, hunting, motorized recreation, camping, and fishing. For more information, please contact the Colorado River Valley Field Office.","Cow Creek Gulch -  From I-70 take exit 90 and go north.  Take a left onto Highway 6 also known as Centennial Pkwy.  Turn right on Truck Route Highway 13.  Go 16.7 Miles and turn left onto County Road 5.  Travel 3.9 Miles and turn left onto Cow Creek Gulch Road. Travel up Cow Creek to the top.   JQS Trail - From I-70 take exit 90 and go north.  Take a left onto Highway 6 also known as Centennial Pkwy.  Turn right on Truck Route Highway 13.  Turn left onto Fravert Reservoir Road (County Road 244).  In about 2 miles the road forks: take the left fork and continue through the Hubbard Mesa Open Area for another 2.5 miles.  The road will T into the JQS Trail (CR 242). Turn left to begin the climb up the Roan Plateau.","FISHING HIKING HUNTING OFF HIGHWAY VEHICLE WILDLIFE VIEWING","Colorado River Valley Field Office  2300 River Frontage Road ",22,0,0,0,0,0,0,0,0,0,0,0,0,1,1,0,0,1,1,0,0,0,0,1,0,0,0,"Normal",22,255,33,720,139
"122","Sage Campground ","Kremmling Field Office ","2103 East Park Avenue","Kremmling","Colorado","80459",40.87357778,-106.22057222,"970-724-3000","The North Sand Hills Campground was installed in 2011 to accommodate large RVs. The campground has two vault toilets and 13 individual pull-through sites, each with a picnic table, fire ring, and tent pad. In addition to the developed campground, numerous dispersed camping sites exist within the North Sand Hills OHV area. Always use existing sites. For more information, please contact the Kremmling Field Office.","Sage campground is located in Jackson County, approximately 11 miles northeast of Walden. From Walden, take Highway 125 north about 10 miles, then turn east on County Road 6. Continue about 3.5 miles, then turn right on county road 6N and go about 2 miles. Stage anywhere.","CAMPING OFF HIGHWAY VEHICLE","Kremmling Field Office  2103 East Park Avenue",20,1,0,0,0,0,0,0,0,0,0,0,0,0,0,0,0,0,1,0,0,0,0,0,0,0,0,"Campground",20,415,66,272,47
"123","San Luis Hills WSA ","San Luis Valley Field Office","1313 E. Highway 160","Monte Vista","Colorado","81144",37.129893,-105.822726,"719-852-7074","The San Luis Hills WSA is characterized by a series of hills, which rise abruptly above the broad San Luis Valley. Most of the hills are rounded, although some cliffs occur in the northern portion of the WSA. John James Gulch and numerous smaller drainages provide topographic screening and create many opportunities for solitude. 

Distant views of Sangre de Cristo and San Juan mountain peaks, across the broad and sparsely-populated San Luis Valley, create a wonderful image of vastness. Vegetation, which is sparse due to the arid climate, consists mainly of low-growing desert shrubs and grasses, pinyon and juniper. Fauna is also sparse due to lack of water, but includes mule deer, antelope, various raptors, and various songbirds.

Activities include hiking, backpacking, horseback riding, and photography. For more information, please contact the San Luis Valley Field Office. 
","The San Luis Hills WSA is located in Conejos County, approximately three miles southeast of Manassa; 28 miles south of Alamosa.","HIKING HORSEBACK RIDING PHOTOGRAPHY","San Luis Valley Field Office 1313 E. Highway 160",15,0,0,0,0,0,0,0,0,0,0,0,0,0,0,0,1,1,0,0,0,1,0,0,0,0,0,"WSA",15,887,139,127,21
"124","Seep Springs OHV Area ","Royal Gorge Field Office","3028 E. Main Street","Canon City","Colorado","81212",38.56682,-105.27884,"(710) 269-8500","Seep Springs Recreation Area is located near Canon City offering fun and challenging trails combined with outstanding views. High points along the 16 miles of roads and trails give the visitor open ranchland views as they wind through pinon and juniper woodlands and ponderosa pine forests with sandstone rocks throughout the area. ATVs, motorcycle, four wheeler and horseback riding are common recreation activities for Seep Springs. The area has trail map information and ample parking space for trailers. Wet weather gates close the area to motorized use during wet conditions. For more information, please contact the Royal Gorge Field Office.
","LOCATION: 9 miles north of Canon City, Colorado, off of U.S. Hwy 50 and Fremont County Road 69. From Canon City head west on U.S. Hwy 50 for approximately 3.5 miles, turn right onto Fremont County Rd 69. Travel north for approximately 8 miles. The trailhead will be on your right.","HORSEBACK RIDING OFF HIGHWAY VEHICLE","Royal Gorge Field Office 3028 E. Main Street",2,0,0,0,0,0,0,0,0,0,0,0,0,0,0,0,1,0,1,0,0,0,0,0,0,0,0,"OHV",2,648,100,280,51
"125","Shelf Road Sites ","Royal Gorge Field Office","3028 E. Main street","Canon City","Colorado","81212",38.62438,-105.22499,"(719) 269-8500","Shelf Road is one of the most popular sport climbing areas in Colorado. It is located in south central Colorado, north of Canon City. Shelf Road follows the old stagecoach route to Cripple Creek. Canon City built this toll road back in 1892 - its free now. It twists north from Canon City along Fourmile Creek through valleys and canyons. Long bands of limestone tower above the road and line the rims of nearby canyons. The road through the canyons involves an elevation change from 5,330 feet at Canon City to 9,395 feet at Cripple Creek (a nice drive when tired from climbing). It is a dirt road, but easy, and passable with 2 WD vehicles. Shelf Road is home to many quality sport climbing routes, vertical limestone and is well known as one of the best climbing sites in Colorado. A sport climber's mecca with nearly 1000 routes on bombproof pocketed limestone. Routes vary from 5.7- 5.13 mostly bolted routes. There are two camping locations at Shelf Road. The lower area, Sand Gulch has 14 campsites and 1 group camping site. The upper area at The Banks has 33 campsites and 2 group camping sites. Just before you arrive at Shelf Road, you will pass Sand Gulch campground on your left. This is quality, spacious camping and access to the Sand Gulch area, home to many moderates climbs about a 15 minute walk from the campground. There is day use parking at the northwest end of the campground, and overflow parking at the north end, where the Free form trail begins. Shelf Road also has ample-sized trailhead parking for equestrians with corrals. Adventurous anglers can hike to Fourmile creek for fishing. Hiking and hunting are popular in the area as well as a short drive on a 4X4 loop trail. For more information, please contact the Royal Gorge Field Office. There is much public information available.
","From I-25 to Colorado Springs, take the exit for Canon City  Travel SW on CO 115 to US Hwy 50, then west about 10 miles to Canon City. From Hwy 50 in Canon City, you can turn north at the Steinmeier traffic light (at Wal-Mart) or head North on Raynolds. Travel north on either road as both will curve to the left and intersect Field Avenue. Turn north (right) on Field and travel on this two-lane road for about five miles. It will join Fremont County Road 9 (also called Red Canyon Road) at a ""Y"" intersection. From here, continue north for 9.4 miles. You will see two roads on the left before the road you are traveling on turns to dirt. Both roads provide access to day-use and rock climbing sites. The first left is Sand Gulch area and the second left takes you to the Banks Campground and parking for day use. For the Banks area, travel by a corral and trailer parking and continue on the steep windy dirt road for approximately 1.25 miles. The campground will be on your right. TRAILERS NOT ADVISED on the Banks road.","CLIMBING CAMPING","Royal Gorge Field Office 3028 E. Main street",3,1,0,0,0,0,0,0,0,0,0,0,0,0,0,0,0,0,0,0,0,0,1,0,0,0,0,"Road",3,1813,317,1023,195
"126","Silt Mesa ","Colorado River Valley Field Office ","2300 River Frontage Road","Silt","Colorado","81652",39.576,-107.601,"970-876-9000","The Silt Mesa Extensive Recreation Management Area near Silt, Colorado is nestled below the Grand Hogback providing opportunities for OHV riding, hiking and horseback riding.  Due to the close proximity to neighborhoods the area is closed to target shooting.  For more information, please contact the Colorado River Valley Field Office.","From I-70, take Silt Exit 97 and head north.  At round-about, turn west on Highway 6 and then turn north (right) onto N. 7th Street.  Continue north and curve right on Peach Valley Road (County Road 214) for 2.1 miles.  Turn north on Bendetti Road (County Road 250).  Go 1 mile and the entrance to Silt Mesa is on the northeast when Bendetti Road turns west.","HIKING HORSEBACK RIDING OFF HIGHWAY VEHICLE","Colorado River Valley Field Office  2300 River Frontage Road",22,0,0,0,0,0,0,0,0,0,0,0,0,0,0,0,1,1,1,0,0,0,0,0,0,0,0,"Normal",22,336,50,358,68
"127","South Canyon River Access ","Colorado River Valley Field Office","2300 River Frontage Road","Silt","Colorado","81652",39.56517,-107.41627,"970-876-9000","The South Canyon Recreation Site is a river access and boat launch area for the Colorado River below Glenwood Springs, CO.  No camping is allowed at this site.  Ample parking is provided, along with a restroom and a concrete boat ramp.  Park in the upper parking area and not outside the restroom.  This site is closed annually from November 15 - May 15. For more information, please contact the Colorado River Valley Field Office.","Take the South Canyon exit 111 off of I-70 and turn south.  At first bend in the road, turn west (right).","BOATING","Colorado River Valley Field Office 2300 River Frontage Road",22,0,0,0,0,0,0,0,0,0,0,0,0,0,0,1,0,0,0,0,0,0,0,0,0,0,0,"River Access",22,431,73,105,22
"128","Specie Creek Boat Launch ","Uncompahgre Field Office","2465 South Townsend Avenue","Montrose","Colorado","81401",38.03007,-108.11093,"970-240-5300","Specie Creek is primarily a Boat launch and day-use area with parking spaces. This site marks the beginning of the Specie Creek to Beaver Creek run and the end of the Down Valley Park to Specie Creek run. This section has a number of blind corners adding a little zip to the whitewater. For more information, please contact the Uncompahgre Field Office.","Specie Creek Recreation site can be accessed from Colorado Hwy 145 (Unaweep/Tabeguache Scenic and Historic Byway) and turning south onto M44 Rd.","BOATING FISHING","Uncompahgre Field Office 2465 South Townsend Avenue",16,0,0,0,0,0,0,0,0,0,0,0,0,0,1,1,0,0,0,0,0,0,0,0,0,0,0,"Boat Launch",16,353,63,144,23
"129","State Bridge Recreation Site "," Bureau of Land Management","Kremmling Field Office","Kremmling ","Colorado","80459",39.856779,-106.648539,"970-724-3000","State Bridge is a river access and parking site along the Upper Colorado River. The river segment between Pumphouse and State Bridge has heavy public use. Below State Bridge, fewer boaters are seen. Site features include one paved boat launch and an unpaved small-craft launch, toilets, dressing rooms, garbage service and non-potable water. 

 The original State Bridge over the Colorado River was built in 1860, and was one of the oldest vehicular bridges in Colorado. It was pivotal in the development of North Park and the Yampa Valley regions of northwest Colorado. The bridge was replaced with a modern bridge in 1966. Portions of the old bridge can be seen in the middle of the river and on the north bank. For more information, please contact the Kremmling Field Office.","State Bridge is located on the Upper Colorado River along the Colorado River Headwaters Scenic Byway between Bond and Kremmling and 14 mile from Highway I-70 and the Wolcott exit. Easily accessible From I-70 at Wolcott (Exit #157), State Bridge is only a 40 minute drive from Vail and 1 hour from Steamboat Springs and Winter Park.
FROM DENVER OR WEST COLORADO - Take I-70 to Exit #157 at Wolcott. Follow signs toward Steamboat Springs, Highway 131 north. In 14.4 miles, you cross the Colorado River, and you're looking at State Bridge. Take a right just after the bridge onto Trough Road and you're there.
FROM ESTES PARK - Take US-34 West to Granby. Take US-40 West to Kremmling. Turn left on CO-9 South for about 2 miles. After crossing the river, turn right (West) on the Colorado River Headwaters Scenic Byway (Grand County Rt #1) and follow the river for 19 miles. Rancho Del Rio is on the right.
 FROM ESTES PARK - Take US-34 West through Granby to Kremmling. Turn left on CO-9 South for about 2 miles. After crossing the river, turn right (West) on the Colorado River Headwaters Scenic Byway (Grand County Rt #1), also known as Trough Road, and follow the river for about 22 miles to State Bridge.","FISHING PADDLING"," Bureau of Land Management Kremmling Field Office",20,0,0,0,0,0,0,0,0,0,0,0,0,0,1,0,0,0,0,0,0,0,0,0,0,0,0,"Recreation Site",20,778,132,1205,219
"130","Stiffel Creek Trailhead ","Colorado River Valley Field Office","2300 River Frontage Road","Silt","Colorado","81652",39.91783,-106.8022,"(970) 876-9000","Trailhead to the 12,000 acre King Mountain Recreation Area. The area offers excellent opportunities for wildlife viewing and has beautiful scenery. Hiking, horseback riding, hunting, and camping in an uncrowded area is possible. The area is most busy during hunting season. For more information, please contact the Colorado River Valley Field Office.","Take the Dotsero exit off I-70 (exit 133). Head north on the Colorado River Road for 28.5 miles.  Turn right on Antelope Creek Road (County Road 1). Travel 1.4 miles to the unimproved parking area on the west side of the road.  For more information, please contact the Colorado River Valley Field Office.","HIKING HUNTING","Colorado River Valley Field Office 2300 River Frontage Road",11,0,0,0,0,0,0,0,0,0,0,0,0,0,0,0,0,1,0,0,0,0,0,1,0,0,0,"Trail",11,350,52,304,54
"131","Strawberry ","Kremmling Field Office","2103 E. Park Avenue ","Kremmling","Colorado","80459",40.000546,-105.834092,"970-724-3000","The Strawberry area includes approximately 8 miles of Single-track, non- motorized trails that are collectively known as the Phases. These Trails are interconnected with 10.5 miles of roads, creating a stacked-loop network that offers a variety of bicycle riding options. Bicycles and Motorized vehicles are restricted to designated roads and trails only. Watch for signs indicating allowable uses on specific routes. For more information, please contact the Kremmling Field Office. ","The Strawberry area is located approximately .5 miles North of Tabernash, East of U.S. 40off of County Road 84. Turn East onto CR 83, Following it for .5 mile. Turn North onto County Road 84 for .75mile. Turn West onto BLM Road 2751 for .75 mile to the Hurd Peak Trailhead parking area. ","BIKING CAMPING HIKING HORSEBACK RIDING HUNTING","Kremmling Field Office 2103 E. Park Avenue ",20,1,0,0,0,0,0,0,0,0,0,0,0,0,0,0,1,1,0,0,0,0,0,1,0,0,0,"Normal",20,483,72,287,53
"132","Sunset Bridge Fishing Access ","Kremmling Field Office ","2103 East Park Avenue","Kremmling ","Colorado","80459",40.06518,-106.2143,"970-724-3000","The segment of the river from Granby to Kremmling is very popular for fishing and a portion has been designated as Gold Medal Water by the Colorado Division of Wildlife (CDOW). Sunset Bridge is one of the fishing accesses that is located along the river. The Bridge Itself is private property. However there are public facilities. Facilities include a parking area, a trail to the river. River access is about 1/4 mile long. For more information, please contact the Kremmling Field Office.","From HWY 40 turn left and follow the road behind the ranch house 0.4 miles to the parking area. 0.3 mile moderately steep trail to the river.","FISHING","Kremmling Field Office  2103 East Park Avenue",20,0,0,0,0,0,0,0,0,0,0,0,0,0,1,0,0,0,0,0,0,0,0,0,0,0,0,"Fishing Access",20,489,83,141,27
"133","Tabeguache Trail ","Bureau of land Management","Uncompahgre Field Office","Montrose","Colorado","81401",38.51487,-108.0112,"970-240-5300","The Tabeguache (pronounced TAB-a-watch) Trail crosses public land for 142 miles, connecting Montrose and Grand Junction, Colorado.  The trail begins in Shavano Valley and weaves through the canyons, mesas, and highlands of the Uncompahgre Plateau before ending in No Thoroughfare Canyon, a few miles west of Grand Junction.  The trail is marked by brown fiberglass posts approximately every mile, and at all intersections. Most of the trail is on remote lands administered by the U.S. Forest Service and BLM.  The adventurous nature of this trail requires users to be cautious, personally responsible, and self-sufficient and have a working knowledge of backcountry survival. The use of topographic maps, a compass and/or GPS unit is strongly recommended.  Carry plenty of drinking water as it is not readily available along the trail. 

To reduce damage to the resource, you are encouraged to avoid the area when wet conditions exist. It is difficult, but not impossible, for high-clearance 4-wheel drive vehicles to travel all but single-track sections of the trail. Users are urged to respect all property rights by closing gates, being watchful for livestock, and camping only in approved camping areas. Users should also be aware that the Uncompahgre Plateau is a nationally renowned hunting area, and during the hunting season, it is highly recommended that you wear orange hats and jackets. Check state hunting dates with the Colorado Division of Wildlife before beginning your trip. For more information, please contact the Uncompahgre and Grand Junction Field Offices, or the Colorado Plateau Mountain Bike Trail Association (COPMOBA), which has produced a brochure for the entire trail.
","From the intersection of US 285 and CR 140 (1 mile north of the intersection of US 50 and US 285 near Poncha Springs), go west on CR 140 for 1.7 miles. Turn right (north) onto CR 250 and drive 4 miles to where FR 252 branches to the left. Take FR 252 for 3.1 miles to the trailhead.","BIKING OFF HIGHWAY VEHICLE","Bureau of land Management Uncompahgre Field Office",16,0,0,0,0,0,0,0,0,0,0,0,0,0,0,0,0,0,1,0,0,0,0,0,0,0,0,"Trail",16,1697,270,282,59
"134","Texas Creek ","Royal Gorge Field Office","3028 E. Main Street","Canon City ","Colorado","81212",38.415119,-105.585288,"719-269-8500","The Texas Creek Recreation area is located west of Canon City and is a popular high-use area for motorized recreation users. The area is often rideable year round because it doesn't get much snow, and the snow it does get usually melts quickly. There are some mines and prospects to look at, and views from the higher hills reveal scenic views of the Sangre de Cristo Range. This area has around 45 miles of marked trails the range from easy 4x4 road to narrow and rocky ATV trails with sharp switchbacks. At lower elevations the trails wind through a mix of various scrub, juniper and pinon pine trees. As you continue to climb in elevation, the vegetation changes to mostly spruce, aspen, and Douglas- fir trees. Mule deer, bighorn sheep and elk can sometimes be seen in this area. For more information, please contact the Royal Gorge Field Office. ","From Canon City take West about 25 miles. Turn right (North) onto Fremont County Road 27 (Look for the Texas Creek Store). Proceed over bridge and continue about a ½ mile and follow sign for OHV parking.

From Salida Head east out of town on E Rainbow Blvd/US-50 E. Continue approximately 31.1 miles to Fremont County Road 27. Turn north on Fremont County Road 27 to access trails.
","CAMPING HUNTING OFF HIGHWAY VEHICLE","Royal Gorge Field Office 3028 E. Main Street",14,1,0,0,0,0,0,0,0,0,0,0,0,0,0,0,0,0,1,0,0,0,0,1,0,0,0,"Normal",14,851,150,382,69
"135","Thompson Creek Campground "," Colorado River Valley Field Office","2300 River Frontage Road","Silt","Colorado","81652",39.32292,-107.2824,"(970) 876-9000","The Thompson Creek Recreation Management Area is located just a few miles southwest of Carbondale and provides beautiful, remote recreational opportunities. On the North end of the RMA is the Lorax trail, which is a popular non motorized route. In the southwest corner of the area is the Thompson Creek campground and trail, which winds along Thompson Creek to views of the rare geologic “fin” formations.  There are 4 shaded campsites along the creek with metal fire rings.  There are not picnic tables or restrooms.  Must pack out all human waste to eliminate contamination of creek.  There are not waste collections.  Access is not recommended during wet or snowy conditions.  For more information, please contact the Colorado River Valley Field Office.","The campground is located along Thompson Creek.  Go west on State Highway 133 in the town of Carbondale.  At the roundabout take Main Street (County Road 108) which turns into North Thompson Creek Road.  Parking for the Lorax trail head is approximately 4 miles up on the left.  Travel 3.2 additional miles and turn left on to South Thompson creek road which leads you to the campground along the creek. The road is not marked to turn.  The campsites are approximately 2.1 miles from the turn.","BIKING CAMPING HIKING"," Colorado River Valley Field Office 2300 River Frontage Road",11,1,0,0,0,0,0,0,0,0,0,0,0,0,0,0,0,1,0,0,0,0,0,0,0,0,0,"Campground",11,756,121,493,86
"136","Two Bridges ","2300 River Frontage Road",NA,"Silt","Colorado","81652",39.890978,-106.704113,"970-876-9000","BLM Site managed in cooperation with Eagle County. Boat ramp and parking available. Restroom available May 15- Nov. 15 annually.","From the Wolcott Exit on I-70, turn north onto Highway 131. Go 4 miles past State Bridge. Go through the town of Bond. You will see a boat ramp sign to turn left into Two Bridges.","BOATING",NA,22,0,0,0,0,0,0,0,0,0,0,0,0,0,0,1,0,0,0,0,0,0,0,0,0,0,0,"Normal",22,128,20,179,37
"137","Uncompahgre Wilderness ","Gunnison Field Office","210 West Spencer Avenue","Gunnison ","Colorado","81230",38.104005,-107.484813,"970-642-4940","The Uncompahgre Wilderness now contains a total of 102,721 acres and is managed by the Bureau of Land Management and the Forest Service. All of the Wilderness is in the state of Colorado. In 1980 the Uncompahgre Wilderness became part of the now over 109 million acre National Wilderness Preservation System. In wilderness, you can enjoy challenging recreational activities and extraordinary opportunities for solitude. In an age of ""...increasing population, accompanied by expanding settlement and growing mechanization,..."" you play an important role in helping to ""...secure for the American people of present and future generations the benefits of an enduring resource of wilderness"" as called for by Congress in the Wilderness Act of 1964. Please follow the regulations in place for this area, and use Leave No Trace techniques when visiting to ensure protection of its unique natural and experiential qualities.How to follow the seven standard Leave No Trace principles differs in different parts of the country (desert vs. Rocky Mountains). Click on any of the principles listed below to learn more about how they apply.Leave No Trace principles:Plan Ahead and PrepareTravel and Camp on Durable SurfacesDispose of Waste ProperlyLeave What You FindMinimize Campfire ImpactsRespect WildlifeBe Considerate of Other VisitorsRegulations:Motorized equipment and equipment used for mechanical transport are generally prohibited on all federal lands designated as wilderness. This includes the use of motor vehicles (including OHVs), motorboats, motorized equipment, bicycles, hang gliders, wagons, carts, portage wheels, and the landing of aircraft including helicopters, unless provided for in specific legislation. In a few areas some exceptions allowing the use of motorized equipment or mechanical transport are described in the special regulations in effect for a specific area. Click here for additional regulations or contact the agency.Contact Information:GUNNISON RANGER DISTRICT216 N Colorado StreetGunnison, CO 81230Phone: 970-641-0471OURAY RANGER DISTRICT2505 S TownsendMontrose, CO 81401Phone: 970-240-5300BLM GUNNISON RESOURCE AREA216 North Colorado St.Gunnison, CO 81230Phone: 970-641-0471Office hours:  8 AM to 5 PM M-F","The American Flats portion of the Uncompahgre Wilderness is located approximately 5 miles east of Ouray and approximately 11 miles west of Lake City in Hinsdale County. Access to the area is via the seldom used Horsethief Pack Trail off Hinsdale County Road 30.","WILDERNESS","Gunnison Field Office 210 West Spencer Avenue",18,0,0,0,0,0,0,0,0,0,0,0,0,0,0,0,0,0,0,0,0,0,0,0,1,0,0,"Wilderness",18,2236,327,261,44
"138","Upper Beaver Creek Recreation Site ","Uncompahgre Field Office","2465 South Townsend Avenue","Montrose","Colorado","81401",38.107991,-108.187047,"970-240-5300","The San Miguel river offers the whitewater boater a variety of runs, all within the class II+ to III range. Upper Beaver Creek site is a day use site for boat launching. The site includes a restroom, cabanas, picnic tables, and a boat ramp. For more information, please contact the Uncompahgre Field Office. ","Upper Beaver Creek Recreation Site is located along Colorado Hwy 145 which is also known as the Unaweep/Tabeguache Scenic and Historic Byway. Beaver Creek, (turn off easy to miss) turn left off of Hwy 145 approximately 9.5 miles after Specie Creek. If you cross Norwood Bridge turn around - it's behind you.","BOATING PICNICKING","Uncompahgre Field Office 2465 South Townsend Avenue",16,0,0,0,0,0,0,0,0,0,0,0,0,0,0,1,0,0,0,0,0,0,0,0,0,0,1,"Recreation Site",16,308,53,307,52
"139","Ute Trail Trailhead-Dotsero ","Colorado River Valley Field Office","2300 River Frontage Road","Silt","Colorado","81652",39.65077,-107.06519,"(970) 876-9000","The recreation site is a trailhead parking area which provides access to a trail leading to the top of the mountain. The views are expansive and scenic.","The recreation site is located at the confluence of the Colorado and Eagle rivers. Exit Interstate Highway 70 at Dotsero and drive west along the access road. Cross the Colorado River and enter the traffic circle. Take the traffic circle exit to go north on Colorado River Road. The parking area is located a few hundred yards north of the traffic circle and on the left side (west) of the road.","HIKING","Colorado River Valley Field Office 2300 River Frontage Road",11,0,0,0,0,0,0,0,0,0,0,0,0,0,0,0,0,1,0,0,0,0,0,0,0,0,0,"Trail",11,152,27,395,71
"140","Vale of Tears WSA ","455 Emerson Street",NA,"Craig","Colorado","81625",0,0,"970-826-5000","The remote Vale of Tears Wilderness Study Area (WSA) is located on the southern slopes of the southeastern end of Douglas Mountain, within 0.5 miles of the Yampa River in Dinosaur National Monument. The Vale of Tears WSA is a continuation of the landforms found in Dinosaur National Monument. The upper two-thirds of several draws and drainages are within the WSA. The Vale of Tears drainage in the southern section has the appearance of colorful badlands with banded, multicolored soil. The rugged, Sawmill Canyon cuts through the eastern part of the WSA. The remainder of the area consists of ridges, peaks, and draws, which contribute to its overall ruggedness. There are no developed recreation sites but the area offers opportunities for visitors to enjoy deer and elk hunting, camping, sightseeing, hiking, backpacking and horseback riding. Motorized and mechanized vehicle travel is limited to existing roads and trails within these WSAs. Vegetation consists mainly of pinyon-juniper woodlands with sagebrush and saltbush/greasewood communities at lower elevations. Fauna includes fox, coyote, black bear, mountain lion, mule deer, elk, raptors and various songbirds, gopher snakes, and western diamondbacks.","The Vale of Tears WSA is located in Moffat County, approximately 25 miles west of Maybell; 55 miles west of Craig. The Ant Hills, Chew Winter Camp, Cross Mountain, and Peterson Draw WSAs are also nearby.","CAMPING HIKING HORSEBACK RIDING HUNTING WILDERNESS",NA,21,1,0,0,0,0,0,0,0,0,0,0,0,0,0,0,1,1,0,0,0,0,0,1,1,0,0,"WSA",21,1215,187,203,36
"141","Wildhorse Mesa ","McInnis Natoinal Conservation Area","2815 H Road","Grand Junction","Colorado","81506",39.17,-109.019,"970-244-3000","Wildhorse Mesa is an equestrian and hiking trail located in Rabbit Valley within McInnis Canyons National Conservation Area. To view a map of Rabbit Valley visit: https://www.coloradocanyonsassociation.org/maps-ncinnis-canyons/","From Grand Junction travel west on I-70 to Rabbit Valley (exit 2). Take a left and go over the interstate to the entrance of the National Conservation Area. Continue straight, right at the first intersection, and left and the second intersection. The trailhead is approximately 1.5 miles past the entrance.","HIKING HORSEBACK RIDING","McInnis Natoinal Conservation Area 2815 H Road",17,0,0,0,0,0,0,0,0,0,0,0,0,0,0,0,1,1,0,0,0,0,0,0,0,0,0,"Normal",17,227,31,306,51
"142","Willow Creek WSA ","White River Field Office","220 E. Market Street ","Meeker","Colorado","81641",40.290296,-108.867851,"(970) 878-3800","The Willow Creek WSA is more characteristic of the arid canyon ecosystems found in the Colorado Plateau than in the Rocky Mountain Forest Province eco-region, where it exists.

Geographically, the area generally lies within the Skull Creek Basin. The area is cut by steep, colorful ridges, hogbacks, deep gullies, unique rock formations, and canyons of sandstone eroded by rain and snowmelt waters. A 1,000-foot cliff dominates the north end of the WSA. The steep and rugged terrain and numerous canyons provide outstanding scenery and recreation opportunities. In addition, the area contains some of the oldest known pinyon pine trees, as well as numerous and significant archaeological resources dating back 10,000 years. Activities include hiking, backpacking, camping, rock climbing, horseback riding, hunting, and photography.

Vegetation consists mainly of pinyon-juniper, sagebrush, saltbush, native grasses and forbs, boxelder, cottonwoods, and willows. Fauna includes elk, mule deer, golden eagles, various other raptors, and numerous smaller mammals, birds, and reptiles. For more information, please contact the White River Field Office.","The Willow Creek WSA is located in Moffat County, approximately five miles northeast of Dinosaur, CO and eight miles south of Dinosaur National Monument. The eastern boundary of the WSA is shared with the Skull Creek WSA.","CLIMBING CAMPING HUNTING PHOTOGRAPHY","White River Field Office 220 E. Market Street ",12,1,0,0,0,0,0,0,0,0,0,0,0,0,0,0,0,0,0,0,0,1,1,1,0,0,0,"WSA",12,1148,168,221,37
"143","Windy Point Site ","Colorado River Valley Field Office","2300 River Frontage Road","Silt","Colorado","81601",39.8566,-106.64876,"(970) 876-9000","This site provides four campsites with picnic tables and BBQ stands or fire rings and an ADA-Accessible Vault Toilet.   Access by boat or narrow dirt road (trailers not recommended) south of State Bridge Landing. For more information, please contact the Colorado River Field Office.","Take I-70 Exit 157 at Wolcott.  Travel north .2 miles to stop sign.  Turn west onto frontage road (Highway 6) for .4 miles.  Turn north onto Highway 131 and follow to State Bridge for 10.6 miles.  Access is south of State Bridge.  For more information, please contact the Colorado River Field Office for more details.","CAMPING","Colorado River Valley Field Office 2300 River Frontage Road",11,1,0,0,0,0,0,0,0,0,0,0,0,0,0,0,0,0,0,0,0,0,0,0,0,0,0,"Normal",11,282,45,317,56
"144","Wingo Junction River Access ","Colorado River Valley Field Office","2300 River Frontage Road","Silt","Colorado","81652",39.34252,-107.00587,"970-876-9000","The Wingo Junction Recreation Site is a river access and boat launch area for the Roaring Fork River upstream of Basalt, CO.  This site is co-managed with the BLM Colorado River Valley Field Office and Pitkin County Open Space.  There is a concrete boat ramp with plenty of parking.  The nearby sidewalk may be slippery.  Restrooms are not provided by the BLM or Pitkin County Open Space.  For more information, please contact the Colorado River Valley Field Office.","Take Highway 82 south of Basalt, CO.  Once you drive under the pedestrian bridge, look to your right for a big parking area.","BOATING","Colorado River Valley Field Office 2300 River Frontage Road",22,0,0,0,0,0,0,0,0,0,0,0,0,0,0,1,0,0,0,0,0,0,0,0,0,0,0,"River Access",22,466,79,124,23
"145","Wolcott Campground ","Colorado River Valley Field Office","2300 River Frontage Road","Silt","Colorado","81652",39.71183,-106.69583,"(970) 876-9000","Wolcott Campground is located along the Eagle River and is readily accessible from Interstate Highway 70. It is located just to the east of the scenic Red Canyon on Interstate 70. The Wolcott Campground and boat ramp are open May 15 - November 15 annually. There is no reservation system. Campsites are occupied on a first come, first serve basis. For more information, please contact the Colorado River Valley Field Office.","Take the I-70 Exit 157 at Wolcott and turn north. Then turn left onto frontage road (Old Highway 6) at stop sign. Follow road 2 miles past bridge and the Wolcott Yacht Club. Turn off to the right at Wolcott Recreation Area and follow the road downhill to the campground.","CAMPING","Colorado River Valley Field Office 2300 River Frontage Road",11,1,0,0,0,0,0,0,0,0,0,0,0,0,0,0,0,0,0,0,0,0,0,0,0,0,0,"Campground",11,424,70,270,51
"146","Wolford Recreation Special Recreation Management Area ","Kremmling Field Office","2103 East Park Avenue","Kremmling","Colorado","80459",40.11734,-106.39157,"970-724-3000","There are approximately 120 miles of designated roads and motorized trails in the Wolford Mountain Special Recreation Management Area. Motorized use is restricted to designated routes only. Some routes are open only to certain types of vehicles – signs indicate allowable uses. Motorized use is prohibited from December 15 through April 15 for the protection of wildlife and their habitat during the winter and spring. You can obtain a free copy of the Wolford Mountain Travel Management Area Map and additional information from the Kremmling Field office. Cretaceous Ammonite ACEC Fossil collection is prohibited at this site, where the fossils of more than 100 invertebrate species can be found. The Kremmling Cretaceous Ammonite Locality takes visitors 72.5 million years back in time where they can view well-preserved specimens of tropical and subtropical mollusk fossils. Even the smallest rocks may contain scientifically and educationally valuable finds. This area has the highest concentration of such fossils in the world and is perfect for avid fossil enthusiasts as well as those visiting for the first time. ","There are multiple access points. County Roads 2, 22, 25, 26, 224, 227 provide access to and through the Wolford Mountain Area.  In the Northern portion, drive north from Kremmling on Highway 40 past Wolford Reservoir and take the Antelope Pass Road on the right. ","CAMPING OFF HIGHWAY VEHICLE","Kremmling Field Office 2103 East Park Avenue",20,1,0,0,0,0,0,0,0,0,0,0,0,0,0,0,0,0,1,0,0,0,0,0,0,0,0,"Management Area",20,1121,173,264,45
"147","Wolford Red Desert Overlook ","Kremmling Field Office","2103 East Park Avenue","Kremmling ","Colorado","80459",40.16753,-106.41692,"970-724-3000","The Wolford Mountain area provides unrestricted use for the foot traffic throughout the area. The 0.2 – mile Wolford Reservoir trail is designated for foot and horse traffic. The trail descends through the sagebrush habitat, providing access to the shore of Wolford Mountain Reservoir. The area is intermixed with Private property.","It is located approximately eight miles north of Kremmling on Highway 40. Turn East into the Red Desert Overlook day use area.","HIKING HORSEBACK RIDING","Kremmling Field Office 2103 East Park Avenue",20,0,0,0,0,0,0,0,0,0,0,0,0,0,0,0,1,1,0,0,0,0,0,0,0,0,0,"Normal",20,331,50,126,22
"148","Zapata Falls Campground ","BLM-San Luis Valley Field Office","1313 U.S. Hwy 160 E.","Monte Vista","Colorado","81144",37.62857,-105.59513,"719-852-7074","OverviewA short drive up the gravel road that leads to the Bureau of Land Management’s Zapata Falls Campground (CG) will let visitors to the area see the San Luis Valley and Great Sand Dunes National Park & Preserve from a whole new perspective. The campground offers bird’s-eye views of the valley floor below, the San Juan Mountains to the west, the adjacent Great Sand Dunes National Park and Preserve, and several 14er’s and many other towering peaks of the Sangre de Cristo Mountain range that Zapata Falls CG sits on — not to mention spectacular sunrises, sunsets and night skies!  Zapata Falls CG has 23 single campsites, 1 group site and 1 camp host site nestled among piñon pines along two one-mile long loops. The sites on one loop are designed for tent campers. Parking spurs on the second loop vary a little in length but in general can handle RVs, towed campers, or other configurations of vehicles up to about 50 feet long.  A new trailhead in the campground supplies a link to the South Zapata Creek Trail and the Sangre de Cristo Wilderness. A second trail, next door to the campground in the day-use area, leads visitors on a mildly steep half-mile hike to Zapata Falls, which gives the campground its name.RecreationZapata Falls Recreation Area is a destination known for its waterfall viewing and sweeping vistas of the San Luis Valley, its soaring mountain ranges, and the adjacent Great Sand Dunes National Park. From the waterfall, the trail continues onto the Rio Grande National Forest, for those seeking a backcountry experience in the high country above and the Sangre de Cristo Wilderness. Recreation Sites• Standard Nonelectric• Rv Nonelectric• Group Tent Only Area Nonelectric• OvernightFacilities• Road signs from highway to Recreation Area.• Improved gravel roads in Recreation Area (no pavement).• No public drinking water system.• 6 vault (or pit-type) toilets.• Trash bins throughout campground and day-use areas.• 23 Individual sites (11 Tent, 12 RV, 1 Group Tent, 1 CG Host Site, 7 Picnic sites.• Standard campground amenities-table, tent pads, fire ring, food storage locker, parking.• Interpretive, informational, and directional signs.• Trailhead and overflow parking areas.• Foot and horse trails.• All facilities open year-round.• Cell phone service is good.Natural FeaturesZapata Falls Special Recreation Management AreaThe Zapata Falls Special Recreation Management Area (SRMA) is rich in history and geology and offers opportunities to hike, camp, mountain bike and view spectacular scenery. Zapata Falls and the 628 acres surrounding them are State Trust Lands owned by the Colorado State Land Board and are also a designated Colorado Natural Area. They are cooperatively managed with the Bureau of Land Management.HistoryThe name “Zapata” is the Spanish word for shoe and is tied to the history of settlement in the San Luis Valley. In 1864, Mexican families established the community of Zapata at the western base of the Sangre de Cristo Mountains and raised sheep and other livestock. In the 1870s, cattleman consolidated land holdings and established one of the San Luis Valley’s first and largest cattle ranches know as Zapata Ranch, which remains an active ranch today. GeologyZapata Falls SRMA perches on the edge of an active rift valley. The San Luis Valley was formed when geologic activity along the Rio Grande Rift, a giant crack in the earth’s top layers, caused the rugged Sangre de Cristo Mountains to rise and the flat plain of the San Luis Valley to sink. Bedrock lies 5,000 to 13,000 feet below the valley floor, beneath layers of gravel, soil, and water.Approximately two million years ago, alpine glaciers inched down the steep slopes of the Sangre de Cristo Mountains. Water flowing from the glacier and snowfields in the valley above found a weak spot near the end of a moraine – a huge rock pile deposited thousands of years ago by a glacier. For thousands of years, water has carved its path, forming Zapata Falls.Don’t Take the Plunge at Zapata FallsThe cold waters of South Zapata Creek drop more than 25 feet through a narrow, rocky canyon. Please use extreme caution when hiking or wading around the base of Zapata Falls. In spring and summer, the water is cold, the current may be strong, and the rocks are slippery. In winter, climbing to the base of the falls is a slick proposition. Zapata Creek freezes into a sheet of ice blanketed by snow. Beware, the ice may not be thick enough to support your weight. There is no view of the falls from above; trying to climb the rocky walls is dangerous to you and to people below you. The falls are home to the black swift, a rare and elusive bird that nests only in the misty reaches of waterfalls. Stay on the trails to keep from disturbing the birds nesting in the cliffs. Nearby AttractionsZapata Falls Trail To reach Zapata Falls, you will need to take a short but arduous hike to Zapata Creek. The falls are upstream from where the trail meets the creek. The only way to view the falls is to get your feet wet by wading carefully upstream to the base of the falls.Length: 1/2 mile each wayElevation: 9,000 to 9,400 feetConnections: South Zapata Lake Trail (U.S. Forest Service Trail #852)  Other Nearby Attractions:• NPS-Great Sand Dunes National Park and Preserve.  • USFS-Rio Grande National Forest and Sangre de Cristo Wilderness.• BLM-Blanca Wetlands Recreation Area.• USFWS-Baca and Alamosa National Wildlife Refuges.• Great Sand Dunes Oasis-Restaurant, gift shop, and lodge (near GRSA Park entrance).• Ft. Garland Museum and Cultural Center.• Colorado Gators Reptile Park.• UFO Watchtower.• Sand Dunes Hot Springs Pool.Other Nearby Campgrounds: Pinyon Flats CG, Great Sand Dunes NPP","Zapata Falls is accessed by Colorado State Highway 150 between mile markers 10 and 11, located approximately 5 miles south of Great Sand Dunes National Park and Preserve and 10.5 miles north of U.S. Highway 160. The turn-off is to the east, and the campground is located 3.5 miles (5.8km) up an unpaved road. Elevation 9,088ft. ","ACCESSIBLE FACILITY OR ACTIVITY CAMPING HIKING PICNICKING WILDLIFE VIEWING WILDERNESS DAY USE AREA ACCESSIBLE FACILITY OR ACTIVITY INFORMATION SITE ENVIRONMENTAL EDUCATION PHOTOGRAPHY ACCESSIBLE FACILITY OR ACTIVITY ACCESSIBLE FACILITY OR ACTIVITY BIRDING WATER ACCESS SCENIC DRIVE ICE CLIMBING BACKPACKING MOUNTAIN CLIMBING","BLM-San Luis Valley Field Office 1313 U.S. Hwy 160 E.",15,1,0,1,0,1,0,1,0,0,1,1,0,1,0,0,0,1,0,0,0,1,1,0,1,1,1,"Campground",15,5712,947,328,57
"149","Zapata Falls Day Use Area ","San Luis Valley Field Office","1313 E. Highway 160","Monte Vista","Colorado","81144",37.6188923,-105.5530687,"719-852-7074","A short, yet slippery hike leads to the view of a 25-foot waterfall at Zapata Falls Recreation Area. During the summer months, the falls provide a cooling oasis, but during the winter months, the waterfall freezes into an enormous column of ice, perfect for the experienced ice climber. Travelers along Los Caminos Antiguos Scenic and Historic Byway can stop for an overnight stay at one of 24 campsites in Zapata Falls. For more information, please contact the San Luis Valley Field Office.","From the community of Alamosa Colorado, drive east on Highway 160. At the intersection with Highway 150 turn north on Highway 150. Follow this road north to the Zapata falls Road (gravel), on the east (right side) of highway 150. Take this road to the Recreation Area (approximately 2 miles). The day use parking is on the left and the campground is on the right. The trail head to the falls is in the Day Use parking lot.","HIKING DAY USE AREA","San Luis Valley Field Office 1313 E. Highway 160",15,0,0,0,0,1,0,0,0,0,0,0,0,0,0,0,0,1,0,0,0,0,0,0,0,0,0,"Day Use Area",15,491,83,422,78
"150","Zapata Falls SRMA ","San Luis Valley Field Office","1313 E. Highway 160","Monte Vista","Colorado","81144",37.62857,-105.595126,"719-852-7074","Zapata Falls is a waterfall located near the base of the Sangre de Cristo Mountains on Bureau of Land Management land adjacent to Rio Grande National Forest and south of Great Sand Dunes National Park. The falls has a drop of 30-foot (9.1 m). Access to this waterfall entails a mildly steep 0.5 mi (0.80 km) hike. Viewing the falls requires fording the stream and climbing rocks. Black swifts nest near the falls, one of the few known breeding sites for this species in Colorado During the summer months, the falls provide a cooling oasis, but during the winter months, the waterfall freezes into an enormous column of ice, perfect for the experienced ice climber. 

A short but adventurous hike over slippery rocks leads to a magnificent 25-foot waterfall at Zapata Falls Recreation Area. This area is just as impressive during the winter months, when the falls freeze into an enormous column of ice. Travelers along Los Caminos Antiguos Scenic and Historic Byway can stop at Zapata Falls Campground for a convenient overnight stay. For more information, please contact the San Luis Valley Field Office. 
","From Alamosa, depart on US Highway 160/Main Street eastwards. Go east on Highway 160 until you reach Colorado State Highway 150. Turn left and go north on Colorado State Highway approximately 12.5 miles. Turn right onto the unpaved gravel road (Lake of The Falls Road).
","CLIMBING CAMPING HIKING PICNICKING PHOTOGRAPHY","San Luis Valley Field Office 1313 E. Highway 160",15,1,0,0,0,0,0,0,0,0,0,0,0,0,0,0,0,1,0,0,0,1,1,0,0,0,1,"SRMA",15,1106,187,270,46
